{
    "Grandtest-Type-PAI-I": {
        "hter": 8.605541672731263,
        "acer": 19.170674828742165,
        "sacer": 32.760418418485756,
        "acer_info": {
            "aggregate": {
                "acer": 19.170674828742165,
                "bpcer": 11.674682990817665,
                "relative_working_points": {
                    "bpcer": {
                        "apcer_5": 91.22807017543859,
                        "apcer_10": 58.02631578947367,
                        "apcer_15": 46.111111111111114,
                        "apcer_20": 40.07142857142857,
                        "apcer_30": 27.997474747474755,
                        "apcer_40": 20.638888888888886
                    },
                    "apcer": {
                        "bpcer_5": 78.22474857892435,
                        "bpcer_10": 67.55574989068649,
                        "bpcer_15": 50.4882670164699,
                        "bpcer_20": 41.40795802361172,
                        "bpcer_30": 28.334062090074337,
                        "bpcer_40": 20.026235242675995
                    }
                },
                "max_apcer_pai": "makeup",
                "apcer_per_pai": {
                    "print": 11.664779161947905,
                    "replay": 2.5398936170212765,
                    "mask": 21.88976377952756,
                    "makeup": 26.666666666666668,
                    "partial": 9.30232558139535
                },
                "apcer_per_pai_fixing_bpcer": {
                    "print": {
                        "apcer_fixing_bpcer5": 22.209513023782563,
                        "apcer_fixing_bpcer10": 13.149773499433747,
                        "apcer_fixing_bpcer15": 8.832106455266137,
                        "apcer_fixing_bpcer20": 6.17685919214798,
                        "apcer_fixing_bpcer30": 3.363276021826419,
                        "apcer_fixing_bpcer40": 1.6930917327293307
                    },
                    "replay": {
                        "apcer_fixing_bpcer5": 6.071333586626141,
                        "apcer_fixing_bpcer10": 3.247672872340426,
                        "apcer_fixing_bpcer15": 1.7413563829787235,
                        "apcer_fixing_bpcer20": 1.238981762917933,
                        "apcer_fixing_bpcer30": 0.6019100580270794,
                        "apcer_fixing_bpcer40": 0.28523936170212755
                    },
                    "mask": {
                        "apcer_fixing_bpcer5": 37.455568053993254,
                        "apcer_fixing_bpcer10": 24.17847769028871,
                        "apcer_fixing_bpcer15": 18.23543307086614,
                        "apcer_fixing_bpcer20": 14.672665916760405,
                        "apcer_fixing_bpcer30": 9.038654259126702,
                        "apcer_fixing_bpcer40": 6.503937007874015
                    },
                    "makeup": {
                        "apcer_fixing_bpcer5": 54.59523809523809,
                        "apcer_fixing_bpcer10": 26.666666666666668,
                        "apcer_fixing_bpcer15": 6.666666666666667,
                        "apcer_fixing_bpcer20": 6.666666666666667,
                        "apcer_fixing_bpcer30": 0.0,
                        "apcer_fixing_bpcer40": 0.0
                    },
                    "partial": {
                        "apcer_fixing_bpcer5": 19.578073089700997,
                        "apcer_fixing_bpcer10": 11.041144901610016,
                        "apcer_fixing_bpcer15": 5.49260042283298,
                        "apcer_fixing_bpcer20": 2.3255813953488373,
                        "apcer_fixing_bpcer30": 1.0293225480283128,
                        "apcer_fixing_bpcer40": 0.46511627906976744
                    }
                },
                "acer_per_pai": {
                    "print": 11.669731076382785,
                    "replay": 7.1072883039194705,
                    "mask": 16.782223385172614,
                    "makeup": 19.170674828742165,
                    "partial": 10.488504286106508
                },
                "num_samples_per_pai": {
                    "print": 1766,
                    "replay": 7520,
                    "mask": 635,
                    "makeup": 15,
                    "partial": 215
                },
                "percentage_per_pai": {
                    "print": 17.397300758545956,
                    "replay": 74.08137129346862,
                    "mask": 6.255541325977736,
                    "makeup": 0.14776869273963156,
                    "partial": 2.1180179292680523
                },
                "wacer": 8.595690426548622,
                "weighted_apcer_per_pai": {
                    "print": 2.0293567136242734,
                    "replay": 1.8815880208846418,
                    "mask": 1.3693232193872527,
                    "makeup": 0.039404984730568415,
                    "partial": 0.19702492365284208
                }
            },
            "specific": {
                "acer": 32.760418418485756,
                "bpcer": 11.674682990817665,
                "relative_working_points": {
                    "bpcer": {
                        "apcer_5": 91.22807017543859,
                        "apcer_10": 58.02631578947367,
                        "apcer_15": 46.111111111111114,
                        "apcer_20": 40.07142857142857,
                        "apcer_30": 27.997474747474755,
                        "apcer_40": 20.638888888888886
                    },
                    "apcer": {
                        "bpcer_5": 78.22474857892435,
                        "bpcer_10": 67.55574989068649,
                        "bpcer_15": 50.4882670164699,
                        "bpcer_20": 41.40795802361172,
                        "bpcer_30": 28.334062090074337,
                        "bpcer_40": 20.026235242675995
                    }
                },
                "max_apcer_pai": "partial_periocular",
                "apcer_per_pai": {
                    "print_low_quality": 19.141914191419144,
                    "print_medium_quality": 4.545454545454546,
                    "print_high_quality": 8.51063829787234,
                    "replay_low_quality": 0.0,
                    "replay_medium_quality": 2.4691358024691357,
                    "replay_high_quality": 2.713382507903056,
                    "mask_paper": 5.778894472361809,
                    "mask_rigid": 49.44444444444444,
                    "mask_silicone": 47.368421052631575,
                    "makeup_impersonation": 26.666666666666668,
                    "partial_periocular": 53.84615384615385,
                    "partial_upper_half": 6.0606060606060606,
                    "partial_lower_half": 25.0
                },
                "apcer_per_pai_fixing_bpcer": {
                    "print_low_quality": {
                        "apcer_fixing_bpcer5": 32.646864686468646,
                        "apcer_fixing_bpcer10": 21.210121012101208,
                        "apcer_fixing_bpcer15": 14.221122112211221,
                        "apcer_fixing_bpcer20": 10.998349834983498,
                        "apcer_fixing_bpcer30": 6.500900090009003,
                        "apcer_fixing_bpcer40": 3.6798679867986794
                    },
                    "print_medium_quality": {
                        "apcer_fixing_bpcer5": 15.331818181818182,
                        "apcer_fixing_bpcer10": 5.909090909090909,
                        "apcer_fixing_bpcer15": 2.727272727272727,
                        "apcer_fixing_bpcer20": 1.3636363636363635,
                        "apcer_fixing_bpcer30": 0.45454545454545453,
                        "apcer_fixing_bpcer40": 0.0
                    },
                    "print_high_quality": {
                        "apcer_fixing_bpcer5": 17.090425531914892,
                        "apcer_fixing_bpcer10": 9.64804964539007,