{
    "devel": {
        "eer_point": 0.2664907651715046,
        "eer_th": 0.9725036706106108
    }
}