{
    "devel": {
        "eer_point": 0.2986361226392798,
        "eer_th": 0.9999785298088538
    }
}