{
    "csmad_attack/STAND/A/Mask_atk_A2_i3_009": 0.7765606024981458,
    "csmad_attack/STAND/A/Mask_atk_A1_i1_002": 0.920736827092432,
    "csmad_attack/STAND/A/Mask_atk_A1_i0_001": 0.8935854383702432,
    "csmad_attack/STAND/A/Mask_atk_A2_i0_006": 0.8684000018678386,
    "csmad_attack/STAND/A/Mask_atk_A1_i3_004": 0.6216259045123905,
    "csmad_attack/STAND/A/Mask_atk_A1_i2_003": 0.9713305350633924,
    "csmad_attack/STAND/A/Mask_atk_A2_i2_008": 0.7652905192310012,
    "csmad_attack/STAND/A/Mask_atk_A2_i1_007": 0.9093610666467008,
    "csmad_attack/STAND/D/Mask_atk_D1_i1_029": 0.8379420568930661,
    "csmad_attack/STAND/D/Mask_atk_D1_i3_031": 0.9327319767028008,
    "csmad_attack/STAND/D/Mask_atk_D2_i2_034": 0.7934212552294926,
    "csmad_attack/STAND/D/Mask_atk_D2_i1_033": 0.9443638566879256,
    "csmad_attack/STAND/D/Mask_atk_D1_i2_030": 1.0,
    "csmad_attack/STAND/D/Mask_atk_D1_i0_028": 0.7643565395767178,
    "csmad_attack/STAND/D/Mask_atk_D2_i3_035": 0.6528739833574805,
    "csmad_attack/STAND/D/Mask_atk_D2_i0_032": 0.7153360276569282,
    "csmad_attack/WEAR/A/F_atk_A2_i1_016": 0.7116038507742272,
    "csmad_attack/WEAR/A/F_atk_A1_i0_011": 0.7448045111546091,
    "csmad_attack/WEAR/A/E_atk_A2_i3_008": 0.899874627109773,
    "csmad_attack/WEAR/A/E_atk_A1_i2_003": 0.873128125575216,
    "csmad_attack/WEAR/A/E_atk_A2_i1_006": 0.7377488948188615,
    "csmad_attack/WEAR/A/F_atk_A2_i3_018": 0.7978132004817197,
    "csmad_attack/WEAR/A/F_atk_A1_i1_012": 0.6281606288164375,
    "csmad_attack/WEAR/A/E_atk_A1_i0_001": 0.7789750292456143,
    "csmad_attack/WEAR/A/E_atk_A2_i2_007": 0.8557882622158849,
    "csmad_attack/WEAR/A/F_atk_A2_i2_017": 0.7420623213875507,
    "csmad_attack/WEAR/A/E_atk_A2_i0_005": 0.7884127720278883,
    "csmad_attack/WEAR/A/F_atk_A1_i2_013": 0.7952083753688036,
    "csmad_attack/WEAR/A/E_atk_A1_i3_004": 0.9140383137860932,
    "csmad_attack/WEAR/A/F_atk_A1_i3_014": 0.7904620959097061,
    "csmad_attack/WEAR/A/E_atk_A1_i1_002": 0.8870950441286531,
    "csmad_attack/WEAR/A/F_atk_A2_i0_015": 0.7665545206755083,
    "csmad_attack/WEAR/D/E_atk_D1_i1_026": 0.7544784632613268,
    "csmad_attack/WEAR/D/F_atk_D2_i1_040": 0.7307094625242287,
    "csmad_attack/WEAR/D/F_atk_D1_i2_037": 0.7850307132252757,
    "csmad_attack/WEAR/D/E_atk_D2_i2_031": 0.7666921289028202,
    "csmad_attack/WEAR/D/E_atk_D3_i2_053": 0.8443430233605173,
    "csmad_attack/WEAR/D/F_atk_D1_i0_035": 0.7151660809442139,
    "csmad_attack/WEAR/D/E_atk_D2_i3_032": 0.808857767386447,
    "csmad_attack/WEAR/D/E_atk_D1_i0_025": 0.7170234533339058,
    "csmad_attack/WEAR/D/E_atk_D3_i0_050": 0.8373943659770949,
    "csmad_attack/WEAR/D/F_atk_D3_i2_063": 0.8325239650803004,
    "csmad_attack/WEAR/D/E_atk_D3_i1_051": 0.8823930409051988,
    "csmad_attack/WEAR/D/F_atk_D3_i1_062": 0.8070276091500118,
    "csmad_attack/WEAR/D/F_atk_D3_i3_064": 0.7483345770512523,
    "csmad_attack/WEAR/D/F_atk_D2_i0_039": 0.6686002732661186,
    "csmad_attack/WEAR/D/E_atk_D1_i2_027": 0.768654814958074,
    "csmad_attack/WEAR/D/E_atk_D2_i1_030": 0.67077310203008,
    "csmad_attack/WEAR/D/E_atk_D3_i3_054": 0.8563411382593572,
    "csmad_attack/WEAR/D/E_atk_D1_i3_028": 0.7285087814595018,
    "csmad_attack/WEAR/D/F_atk_D1_i3_038": 0.7703465924701597,
    "csmad_attack/WEAR/D/F_atk_D2_i2_041": 0.756081473941966,
    "csmad_attack/WEAR/D/F_atk_D2_i3_042": 0.7505694372644593,
    "csmad_attack/WEAR/D/E_atk_D2_i0_029": 0.7378458669572172,
    "csmad_attack/WEAR/D/F_atk_D3_i0_061": 0.6668927111581892,
    "csmad_attack/WEAR/D/F_atk_D1_i1_036": 0.6704231206722641,
    "csmad_bonafide/A/A_gen_i3_064": 0.7685306762452572,
    "csmad_bonafide/A/A_gen_i2_063": 0.6111132113963306,
    "csmad_bonafide/A/A_gen_i1_062": 0.6890339247315115,
    "csmad_bonafide/A/A_gen_i0_061": 0.6822721450197333,
    "csmad_bonafide/D/D_gen_i2_004": 0.5097037221972295,
    "csmad_bonafide/D/D_genglasses_i2_003": 0.44877795216470623,
    "csmad_bonafide/D/D_genglasses_i1_002": 0.3783764865758151,
    "csmad_bonafide/D/D_gen_i1_003": 0.5047840758075565,
    "csmad_bonafide/D/D_genglasses_i3_004": 0.5254085498486359,
    "csmad_bonafide/D/D_gen_i3_005": 0.5484976763815923,
    "csmad_bonafide/D/D_gen_i0_001": 0.4987177473736053,
    "csmad_bonafide/D/D_genglasses_i0_001": 0.43088436912775063,
    "csmad_bonafide/G/G_gen_i1_006": 0.6283417081269763,
    "csmad_bonafide/G/G_gen_i0_005": 0.7557074653473593,
    "csmad_bonafide/G/G_gen_i2_007": 0.4500533132205835,
    "csmad_bonafide/G/G_gen_i3_008": 0.8694865413546262,
    "csmad_bonafide/H/H_gen_i1_010": 0.5210383107080201,
    "csmad_bonafide/H/H_gen_i2_011": 0.5367326242840926,
    "csmad_bonafide/H/H_gen_i0_009": 0.645935938209114,
    "csmad_bonafide/H/H_gen_i3_012": 0.5587521117081525,
    "csmad_bonafide/I/I_gen_i2_015": 0.42380651978236417,
    "csmad_bonafide/I/I_gen_i3_016": 0.41472156161291424,
    "csmad_bonafide/I/I_gen_i1_014": 0.4988175935181282,
    "csmad_bonafide/I/I_gen_i0_013": 0.45465488493653816
}