{
    "casia-fasd_train_release/17/6.avi": 0.7355222754960914,
    "casia-fasd_train_release/17/1.avi": 0.604632340927186,
    "casia-fasd_train_release/17/HR_4.avi": 0.9926638991821263,
    "casia-fasd_train_release/17/HR_2.avi": 0.8800129327572878,
    "casia-fasd_train_release/17/5.avi": 0.9383384581677338,
    "casia-fasd_train_release/17/8.avi": 0.8817009012885779,
    "casia-fasd_train_release/17/4.avi": 0.928159138146353,
    "casia-fasd_train_release/17/2.avi": 0.5779731164845818,
    "casia-fasd_train_release/17/HR_3.avi": 1.0,
    "casia-fasd_train_release/17/7.avi": 1.0,
    "casia-fasd_train_release/17/HR_1.avi": 0.2474663602295923,
    "casia-fasd_train_release/17/3.avi": 1.0,
    "casia-fasd_train_release/18/6.avi": 0.7701274475175538,
    "casia-fasd_train_release/18/1.avi": 0.478187169346693,
    "casia-fasd_train_release/18/HR_4.avi": 0.9266928937453457,
    "casia-fasd_train_release/18/HR_2.avi": 0.7756399713911545,
    "casia-fasd_train_release/18/5.avi": 0.7805203029380544,
    "casia-fasd_train_release/18/8.avi": 0.8048338477107958,
    "casia-fasd_train_release/18/4.avi": 0.7450539744880644,
    "casia-fasd_train_release/18/2.avi": 0.6611614484021023,
    "casia-fasd_train_release/18/HR_3.avi": 0.7504716729351949,
    "casia-fasd_train_release/18/7.avi": 0.832079692688442,
    "casia-fasd_train_release/18/HR_1.avi": 0.5329709737430044,
    "casia-fasd_train_release/18/3.avi": 0.7548254407072811,
    "casia-fasd_train_release/19/6.avi": 0.8024593676274058,
    "casia-fasd_train_release/19/1.avi": 0.6012867094116695,
    "casia-fasd_train_release/19/HR_4.avi": 0.9549235300229331,
    "casia-fasd_train_release/19/HR_2.avi": 0.7698633314011257,
    "casia-fasd_train_release/19/5.avi": 0.7981088659525571,
    "casia-fasd_train_release/19/8.avi": 0.8246830565818923,
    "casia-fasd_train_release/19/4.avi": 0.8725423844089925,
    "casia-fasd_train_release/19/2.avi": 0.5807620325503912,
    "casia-fasd_train_release/19/HR_3.avi": 0.9406467347348743,
    "casia-fasd_train_release/19/7.avi": 0.9919635525590929,
    "casia-fasd_train_release/19/HR_1.avi": 0.5297743616199425,
    "casia-fasd_train_release/19/3.avi": 0.9336365815562964,
    "casia-fasd_train_release/20/6.avi": 0.8160883060293478,
    "casia-fasd_train_release/20/1.avi": 0.6782812197786017,
    "casia-fasd_train_release/20/HR_4.avi": 1.0,
    "casia-fasd_train_release/20/HR_2.avi": 0.8118804239671076,
    "casia-fasd_train_release/20/5.avi": 0.9329583424219249,
    "casia-fasd_train_release/20/8.avi": 1.0,
    "casia-fasd_train_release/20/4.avi": 0.683403680805626,
    "casia-fasd_train_release/20/2.avi": 0.706835140692737,
    "casia-fasd_train_release/20/HR_3.avi": 1.0,
    "casia-fasd_train_release/20/7.avi": 0.910078692492438,
    "casia-fasd_train_release/20/HR_1.avi": 0.5401671191263907,
    "casia-fasd_train_release/20/3.avi": 0.9111794645181437
}