{
    "siw_Train/spoof/156/156-2-3-1-1.mov": 0.9630785313892192,
    "siw_Train/spoof/156/156-1-3-2-2.mov": 1.0,
    "siw_Train/spoof/156/156-1-3-3-1.mov": 0.8741311993776102,
    "siw_Train/spoof/156/156-2-3-2-2.mov": 1.0,
    "siw_Train/spoof/156/156-2-3-3-1.mov": 0.870152142105655,
    "siw_Train/spoof/156/156-1-3-4-2.mov": 1.0,
    "siw_Train/spoof/156/156-1-3-1-2.mov": 0.9987475231850284,
    "siw_Train/spoof/156/156-1-3-2-1.mov": 1.0,
    "siw_Train/spoof/156/156-2-3-1-2.mov": 0.9277603022933109,
    "siw_Train/spoof/156/156-2-3-2-1.mov": 0.9502801770800479,
    "siw_Train/spoof/156/156-1-3-3-2.mov": 0.9656280057851486,
    "siw_Train/spoof/156/156-1-3-4-1.mov": 0.991979719386352,
    "siw_Train/spoof/156/156-1-3-1-1.mov": 0.8909860875690119,
    "siw_Train/spoof/156/156-2-3-3-2.mov": 0.9187384629929104,
    "siw_Train/spoof/151/151-2-3-1-2.mov": 0.9641592435011604,
    "siw_Train/spoof/151/151-2-3-2-1.mov": 1.0,
    "siw_Train/spoof/151/151-1-3-3-2.mov": 0.8429827313708748,
    "siw_Train/spoof/151/151-1-3-4-1.mov": 1.0,
    "siw_Train/spoof/151/151-1-3-1-1.mov": 0.9225756050711585,
    "siw_Train/spoof/151/151-2-3-3-2.mov": 0.8997317093062818,
    "siw_Train/spoof/151/151-2-3-1-1.mov": 1.0,
    "siw_Train/spoof/151/151-1-3-2-2.mov": 1.0,
    "siw_Train/spoof/151/151-1-3-3-1.mov": 0.9088024688849163,
    "siw_Train/spoof/151/151-2-3-2-2.mov": 0.9985731400041855,
    "siw_Train/spoof/151/151-2-3-3-1.mov": 0.916383707450486,
    "siw_Train/spoof/151/151-1-3-4-2.mov": 1.0,
    "siw_Train/spoof/151/151-1-3-1-2.mov": 0.9590617339373274,
    "siw_Train/spoof/151/151-1-3-2-1.mov": 1.0,
    "siw_Train/spoof/160/160-2-3-1-2.mov": 1.0,
    "siw_Train/spoof/160/160-2-3-2-1.mov": 0.9216044272744348,
    "siw_Train/spoof/160/160-1-3-3-2.mov": 1.0,
    "siw_Train/spoof/160/160-1-3-4-1.mov": 1.0,
    "siw_Train/spoof/160/160-1-3-1-1.mov": 0.8033851501141962,
    "siw_Train/spoof/160/160-2-3-3-2.mov": 0.968963970985197,
    "siw_Train/spoof/160/160-2-3-1-1.mov": 0.8491820231091785,
    "siw_Train/spoof/160/160-1-3-2-2.mov": 1.0,
    "siw_Train/spoof/160/160-1-3-3-1.mov": 0.7078969661679745,
    "siw_Train/spoof/160/160-2-3-2-2.mov": 1.0,
    "siw_Train/spoof/160/160-2-3-3-1.mov": 0.7179880787469634,
    "siw_Train/spoof/160/160-1-3-4-2.mov": 1.0,
    "siw_Train/spoof/160/160-1-3-1-2.mov": 0.9777571630617586,
    "siw_Train/spoof/160/160-1-3-2-1.mov": 0.9766475947285601,
    "siw_Train/spoof/152/152-2-3-2-1.mov": 1.0,
    "siw_Train/spoof/152/152-1-3-3-2.mov": 1.0,
    "siw_Train/spoof/152/152-1-3-4-1.mov": 1.0,
    "siw_Train/spoof/152/152-2-3-3-2.mov": 0.9678298225184386,
    "siw_Train/spoof/152/152-1-3-1-1.mov": 1.0,
    "siw_Train/spoof/152/152-2-3-1-1.mov": 1.0,
    "siw_Train/spoof/152/152-1-3-2-2.mov": 1.0,
    "siw_Train/spoof/152/152-1-3-3-1.mov": 0.8844511578739919,
    "siw_Train/spoof/152/152-2-3-2-2.mov": 0.9895411768211707,
    "siw_Train/spoof/152/152-2-3-3-1.mov": 0.9672398835205848,
    "siw_Train/spoof/152/152-1-3-4-2.mov": 1.0,
    "siw_Train/spoof/152/152-1-3-1-2.mov": 1.0,
    "siw_Train/spoof/152/152-1-3-2-1.mov": 1.0,
    "siw_Train/spoof/152/152-2-3-1-2.mov": 0.8992113035789795,
    "siw_Train/spoof/159/159-1-3-4-2.mov": 0.8160886631505319,
    "siw_Train/spoof/159/159-1-3-1-2.mov": 0.8146164631267409,
    "siw_Train/spoof/159/159-1-3-2-1.mov": 1.0,
    "siw_Train/spoof/159/159-2-3-1-2.mov": 1.0,
    "siw_Train/spoof/159/159-2-3-2-1.mov": 1.0,
    "siw_Train/spoof/159/159-1-3-3-2.mov": 0.5374903622900127,
    "siw_Train/spoof/159/159-1-3-4-1.mov": 0.9963938653486305,
    "siw_Train/spoof/159/159-1-3-1-1.mov": 0.8210636388997906,
    "siw_Train/spoof/159/159-2-3-3-2.mov": 0.8352379582764944,
    "siw_Train/spoof/159/159-2-3-1-1.mov": 1.0,
    "siw_Train/spoof/159/159-1-3-2-2.mov": 0.9411289998228961,
    "siw_Train/spoof/159/159-1-3-3-1.mov": 0.7416935221482794,
    "siw_Train/spoof/159/159-2-3-2-2.mov": 1.0,
    "siw_Train/spoof/159/159-2-3-3-1.mov": 0.6471858028537368,
    "siw_Train/spoof/164/164-2-3-1-1.mov": 0.9030304249308593,
    "siw_Train/spoof/164/164-1-3-2-2.mov": 1.0,
    "siw_Train/spoof/164/164-1-3-3-1.mov": 0.8331942204689763,
    "siw_Train/spoof/164/164-2-3-2-2.mov": 0.9045387867495615,
    "siw_Train/spoof/164/164-2-3-3-1.mov": 1.0,
    "siw_Train/spoof/164/164-1-3-4-2.mov": 0.9582016179596039,
    "siw_Train/spoof/164/164-1-3-1-2.mov": 0.9544441690787556,
    "siw_Train/spoof/164/164-1-3-2-1.mov": 1.0,
    "siw_Train/spoof/164/164-2-3-4-2.mov": 0.828000963340418,
    "siw_Train/spoof/164/164-2-3-1-2.mov": 0.7804492856575102,
    "siw_Train/spoof/164/164-2-3-2-1.mov": 0.8829505135383092,
    "siw_Train/spoof/164/164-1-3-3-2.mov": 0.9135848716931263,
    "siw_Train/spoof/164/164-1-3-4-1.mov": 0.9228585778077928,
    "siw_Train/spoof/164/164-1-3-1-1.mov": 0.9093531983508836,
    "siw_Train/spoof/164/164-2-3-3-2.mov": 1.0,
    "siw_Train/spoof/164/164-2-3-4-1.mov": 0.8225661047136869,
    "siw_Train/spoof/150/150-1-3-1-2.mov": 0.9617502824625029,
    "siw_Train/spoof/150/150-1-3-2-1.mov": 1.0,
    "siw_Train/spoof/150/150-2-3-1-2.mov": 1.0,
    "siw_Train/spoof/150/150-2-3-2-1.mov": 1.0,
    "siw_Train/spoof/150/150-1-3-3-2.mov": 0.8311604822006174,
    "siw_Train/spoof/150/150-1-3-4-1.mov": 1.0,
    "siw_Train/spoof/150/150-1-3-1-1.mov": 0.997406686778675,
    "siw_Train/spoof/150/150-2-3-3-2.mov": 0.9656201027796604,
    "siw_Train/spoof/150/150-2-3-1-1.mov": 0.9826071341849915,
    "siw_Train/spoof/150/150-1-3-2-2.mov": 0.8766485544943691,
    "siw_Train/spoof/150/150-1-3-3-1.mov": 1.0,
    "siw_Train/spoof/150/150-2-3-2-2.mov": 0.9304012312660971,
    "siw_Train/spoof/150/150-2-3-3-1.mov": 1.0,
    "siw_Train/spoof/150/150-1-3-4-2.mov": 1.0,
    "siw_Train/spoof/162/162-1-3-1-1.mov": 0.7320527311123978,
    "siw_Train/spoof/162/162-2-3-3-2.mov": 0.7998920367721288,
    "siw_Train/spoof/162/162-2-3-4-1.mov": 1.0,
    "siw_Train/spoof/162/162-2-3-1-1.mov": 0.7962638865818229,
    "siw_Train/spoof/162/162-1-3-2-2.mov": 0.8727095552954144,
    "siw_Train/spoof/162/162-1-3-3-1.mov": 0.9288821733448683,
    "siw_Train/spoof/162/162-2-3-2-2.mov": 0.9703251007987852,
    "siw_Train/spoof/162/162-2-3-3-1.mov": 0.7975480297197973,
    "siw_Train/spoof/162/162-1-3-4-2.mov": 0.99080808593913,
    "siw_Train/spoof/162/162-1-3-1-2.mov": 0.7497494618558259,
    "siw_Train/spoof/162/162-1-3-2-1.mov": 1.0,
    "siw_Train/spoof/162/162-2-3-4-2.mov": 1.0,
    "siw_Train/spoof/162/162-2-3-1-2.mov": 0.9156449125918593,
    "siw_Train/spoof/162/162-2-3-2-1.mov": 1.0,
    "siw_Train/spoof/162/162-1-3-3-2.mov": 0.7416733695868222,
    "siw_Train/spoof/162/162-1-3-4-1.mov": 1.0,
    "siw_Train/spoof/157/157-2-3-2-2.mov": 1.0,
    "siw_Train/spoof/157/157-2-3-3-1.mov": 1.0,
    "siw_Train/spoof/157/157-1-3-4-2.mov": 1.0,
    "siw_Train/spoof/157/157-1-3-1-2.mov": 1.0,
    "siw_Train/spoof/157/157-1-3-2-1.mov": 1.0,
    "siw_Train/spoof/157/157-2-3-1-2.mov": 1.0,
    "siw_Train/spoof/157/157-2-3-2-1.mov": 1.0,
    "siw_Train/spoof/157/157-1-3-3-2.mov": 1.0,
    "siw_Train/spoof/157/157-1-3-4-1.mov": 1.0,
    "siw_Train/spoof/157/157-1-3-1-1.mov": 1.0,
    "siw_Train/spoof/157/157-2-3-3-2.mov": 1.0,
    "siw_Train/spoof/157/157-2-3-1-1.mov": 0.9806934141070981,
    "siw_Train/spoof/157/157-1-3-2-2.mov": 1.0,
    "siw_Train/spoof/157/157-1-3-3-1.mov": 0.8873542309973246,
    "siw_Train/spoof/163/163-2-3-1-1.mov": 0.9054824583868034,
    "siw_Train/spoof/163/163-1-3-2-2.mov": 0.9299818385633433,
    "siw_Train/spoof/163/163-1-3-3-1.mov": 0.7321332690814034,
    "siw_Train/spoof/163/163-2-3-2-2.mov": 0.8895046309068709,
    "siw_Train/spoof/163/163-2-3-3-1.mov": 0.9088205123485906,
    "siw_Train/spoof/163/163-1-3-4-2.mov": 0.9165356176160318,
    "siw_Train/spoof/163/163-1-3-1-2.mov": 0.8309580974688918,
    "siw_Train/spoof/163/163-1-3-2-1.mov": 0.9466865200657507,
    "siw_Train/spoof/163/163-2-3-4-2.mov": 0.8216467782621613,
    "siw_Train/spoof/163/163-2-3-1-2.mov": 0.8310407616523176,