{
    "devel": {
        "eer_point": 0.2683706070282641,
        "eer_th": 0.9908536198221647
    }
}