{
    "devel": {
        "eer_point": 0.2695323845479768,
        "eer_th": 0.9838951780712112
    }
}