{
    "hkbuV2_attack/08/01_01_08.avi": 0.6185379376560268,
    "hkbuV2_attack/08/01_02_08.avi": 0.6193830932533292,
    "hkbuV2_attack/08/01_03_08.avi": 0.7108741113665467,
    "hkbuV2_attack/08/01_04_08.avi": 0.6252416377926001,
    "hkbuV2_attack/08/01_05_08.avi": 0.6099531023830288,
    "hkbuV2_attack/08/01_06_08.avi": 0.7782162405760443,
    "hkbuV2_attack/08/02_01_08.avi": 0.630306039028417,
    "hkbuV2_attack/08/02_02_08.avi": 0.6092437913163314,
    "hkbuV2_attack/08/02_03_08.avi": 0.7200297407020835,
    "hkbuV2_attack/08/02_04_08.avi": 0.6777623349163999,
    "hkbuV2_attack/08/02_05_08.avi": 0.684251913917184,
    "hkbuV2_attack/08/02_06_08.avi": 0.5315826406548954,
    "hkbuV2_attack/08/03_01_08.avi": 0.5281083195414064,
    "hkbuV2_attack/08/03_02_08.avi": 0.5142159970631238,
    "hkbuV2_attack/08/03_03_08.avi": 0.6106061641622244,
    "hkbuV2_attack/08/03_04_08.avi": 0.6648746332951956,
    "hkbuV2_attack/08/03_05_08.avi": 0.5876428750010316,
    "hkbuV2_attack/08/03_06_08.avi": 0.5382715806840451,
    "hkbuV2_attack/08/04_01_08.avi": 0.6123808763842148,
    "hkbuV2_attack/08/04_02_08.avi": 0.571587307422789,
    "hkbuV2_attack/08/04_03_08.avi": 0.5065896591913461,
    "hkbuV2_attack/08/04_04_08.avi": 0.841351165682117,
    "hkbuV2_attack/08/04_05_08.avi": 0.7446830645592956,
    "hkbuV2_attack/08/04_06_08.avi": 0.7274231369687949,
    "hkbuV2_attack/08/05_01_08.avi": 0.6244839461919304,
    "hkbuV2_attack/08/05_02_08.avi": 0.7242377508777257,
    "hkbuV2_attack/08/05_03_08.avi": 0.5740995726251624,
    "hkbuV2_attack/08/05_04_08.avi": 0.8097320231184288,
    "hkbuV2_attack/08/05_05_08.avi": 0.7044093863385649,
    "hkbuV2_attack/08/05_06_08.avi": 0.565602426694335,
    "hkbuV2_attack/08/06_01_08.avi": 0.49805399963922564,
    "hkbuV2_attack/08/06_02_08.avi": 0.6580628475793459,
    "hkbuV2_attack/08/06_03_08.avi": 0.5606414794352916,
    "hkbuV2_attack/08/06_04_08.avi": 0.5563022035024937,
    "hkbuV2_attack/08/06_05_08.avi": 0.7076163734224292,
    "hkbuV2_attack/08/06_06_08.avi": 0.7268120316618805,
    "hkbuV2_attack/08/07_01_08.avi": 0.6616601593068993,
    "hkbuV2_attack/08/07_02_08.avi": 0.48961385715078304,
    "hkbuV2_attack/08/07_03_08.avi": 0.6316967539247652,
    "hkbuV2_attack/08/07_04_08.avi": 0.5930993351525473,
    "hkbuV2_attack/08/07_05_08.avi": 0.7000260211467747,
    "hkbuV2_attack/08/07_06_08.avi": 0.5977134918695078,
    "hkbuV2_attack/10/01_01_10.avi": 0.3153602970191872,
    "hkbuV2_attack/10/01_02_10.avi": 0.36150107490632394,
    "hkbuV2_attack/10/01_03_10.avi": 0.29311783749204595,
    "hkbuV2_attack/10/01_04_10.avi": 0.43559261300805624,
    "hkbuV2_attack/10/01_05_10.avi": 0.35400024456168633,
    "hkbuV2_attack/10/01_06_10.avi": 0.35001030181087556,
    "hkbuV2_attack/10/02_01_10.avi": 0.4389291196149181,
    "hkbuV2_attack/10/02_02_10.avi": 0.420469734626534,
    "hkbuV2_attack/10/02_03_10.avi": 0.44749365685229076,
    "hkbuV2_attack/10/02_04_10.avi": 0.4403917024316532,
    "hkbuV2_attack/10/02_05_10.avi": 0.5508671117773902,
    "hkbuV2_attack/10/02_06_10.avi": 0.552117824431313,
    "hkbuV2_attack/10/03_01_10.avi": 0.5451384485407199,
    "hkbuV2_attack/10/03_02_10.avi": 0.4924293730101999,
    "hkbuV2_attack/10/03_03_10.avi": 0.5582193700993877,
    "hkbuV2_attack/10/03_04_10.avi": 0.5739259875612264,
    "hkbuV2_attack/10/03_05_10.avi": 0.5593579169726286,
    "hkbuV2_attack/10/03_06_10.avi": 0.48039357452319087,
    "hkbuV2_attack/10/04_01_10.avi": 0.5300245561856863,
    "hkbuV2_attack/10/04_02_10.avi": 0.4559486076356432,
    "hkbuV2_attack/10/04_03_10.avi": 0.5186323060250396,
    "hkbuV2_attack/10/04_04_10.avi": 0.45463693192974636,
    "hkbuV2_attack/10/04_05_10.avi": 0.7173400588061608,
    "hkbuV2_attack/10/04_06_10.avi": 0.46601803862883506,
    "hkbuV2_attack/10/05_01_10.avi": 0.583585364379214,
    "hkbuV2_attack/10/05_02_10.avi": 0.6129697825942494,
    "hkbuV2_attack/10/05_03_10.avi": 0.5384433795424514,
    "hkbuV2_attack/10/05_04_10.avi": 0.6138588144379777,
    "hkbuV2_attack/10/05_05_10.avi": 0.6696523779926838,
    "hkbuV2_attack/10/05_06_10.avi": 0.5444444147247781,
    "hkbuV2_attack/10/06_01_10.avi": 0.587407833796651,
    "hkbuV2_attack/10/06_02_10.avi": 0.5553786432057709,
    "hkbuV2_attack/10/06_03_10.avi": 0.7232345473045786,
    "hkbuV2_attack/10/06_04_10.avi": 0.7172006019431824,
    "hkbuV2_attack/10/06_05_10.avi": 0.591227114099363,
    "hkbuV2_attack/10/06_06_10.avi": 0.4898303246253996,
    "hkbuV2_attack/10/07_01_10.avi": 0.6756136759582209,
    "hkbuV2_attack/10/07_02_10.avi": 0.6672267814592702,
    "hkbuV2_attack/10/07_03_10.avi": 0.3387731098394808,
    "hkbuV2_attack/10/07_04_10.avi": 0.5116676053533976,
    "hkbuV2_attack/10/07_05_10.avi": 0.7286341102619431,
    "hkbuV2_attack/10/07_06_10.avi": 0.4482922589292863,
    "hkbuV2_attack/09/01_01_9.avi": 0.3902087808124917,
    "hkbuV2_attack/09/01_02_9.avi": 0.3476207069167457,
    "hkbuV2_attack/09/01_03_9.avi": 0.39018625994426853,
    "hkbuV2_attack/09/01_04_9.avi": 0.4096921234530288,
    "hkbuV2_attack/09/01_05_9.avi": 0.3340004441222069,
    "hkbuV2_attack/09/01_06_9.avi": 0.38671367984929456,
    "hkbuV2_attack/09/02_01_9.avi": 0.5688246128678941,
    "hkbuV2_attack/09/02_02_9.avi": 0.46396715309916975,
    "hkbuV2_attack/09/02_03_9.avi": 0.4779305826375671,
    "hkbuV2_attack/09/02_04_9.avi": 0.528577184437138,
    "hkbuV2_attack/09/02_05_9.avi": 0.5446579464102875,
    "hkbuV2_attack/09/02_06_9.avi": 0.4712226791943492,
    "hkbuV2_attack/09/03_01_9.avi": 0.4253604739735795,
    "hkbuV2_attack/09/03_02_9.avi": 0.5521622431540694,
    "hkbuV2_attack/09/03_03_9.avi": 0.47559947603797825,
    "hkbuV2_attack/09/03_04_9.avi": 0.5373008143554946,
    "hkbuV2_attack/09/03_05_9.avi": 0.5642945973926882,
    "hkbuV2_attack/09/03_06_9.avi": 0.49420483128540466,
    "hkbuV2_attack/09/04_01_9.avi": 0.6304029549923468,
    "hkbuV2_attack/09/04_02_9.avi": 0.5379240926181609,
    "hkbuV2_attack/09/04_03_9.avi": 0.6100087201524124,
    "hkbuV2_attack/09/04_04_9.avi": 0.5846504195225563,
    "hkbuV2_attack/09/04_05_9.avi": 0.7618403700961865,
    "hkbuV2_attack/09/04_06_9.avi": 0.5746683839578771,
    "hkbuV2_attack/09/05_01_9.avi": 0.4665197033811137,
    "hkbuV2_attack/09/05_02_9.avi": 0.5139808300019476,
    "hkbuV2_attack/09/05_03_9.avi": 0.6163216810660875,
    "hkbuV2_attack/09/05_04_9.avi": 0.524981976628316,
    "hkbuV2_attack/09/05_05_9.avi": 0.62233190265192,
    "hkbuV2_attack/09/05_06_9.avi": 0.6391544728177134,
    "hkbuV2_attack/09/06_01_9.avi": 0.6533019190521387,
    "hkbuV2_attack/09/06_02_9.avi": 0.7334177265290691,
    "hkbuV2_attack/09/06_03_9.avi": 0.6414262541149066,
    "hkbuV2_attack/09/06_04_9.avi": 0.6427902049257155,
    "hkbuV2_attack/09/06_05_9.avi": 0.7098028476218827,
    "hkbuV2_attack/09/06_06_9.avi": 0.5152324542487631,
    "hkbuV2_attack/09/07_01_9.avi": 0.6148265826109692,
    "hkbuV2_attack/09/07_02_9.avi": 0.737342697364593,
    "hkbuV2_attack/09/07_03_9.avi": 0.45028806503688346,
    "hkbuV2_attack/09/07_04_9.avi": 0.5812158778327396,
    "hkbuV2_attack/09/07_05_9.avi": 0.6475686649679021,
    "hkbuV2_attack/09/07_06_9.avi": 0.4690711514384284,
    "hkbuV2_real/08/01_01_08.avi": 0.39863225899838534,
    "hkbuV2_real/08/01_02_08.avi": 0.325517370340389,
    "hkbuV2_real/08/01_03_08.avi": 0.34883758655533353,
    "hkbuV2_real/08/01_04_08.avi": 0.5467317985734287,
    "hkbuV2_real/08/01_05_08.avi": 0.4819335228421546,
    "hkbuV2_real/08/01_06_08.avi": 0.5386477593636064,
    "hkbuV2_real/08/02_01_08.avi": 0.4321003262230254,
    "hkbuV2_real/08/02_02_08.avi": 0.36731602973110794,
    "hkbuV2_real/08/02_03_08.avi": 0.4572894868077961,
    "hkbuV2_real/08/02_04_08.avi": 0.4827450329251455,
    "hkbuV2_real/08/02_05_08.avi": 0.4163939968612296,
    "hkbuV2_real/08/02_06_08.avi": 0.6515212654597169,
    "hkbuV2_real/08/03_01_08.avi": 0.3516144681210594,
    "hkbuV2_real/08/03_02_08.avi": 0.3743751892620435,
    "hkbuV2_real/08/03_03_08.avi": 0.4460745711699412,