{
    "hkbuV2_attack/11/01_01_11.avi": 0.11171567440032959,
    "hkbuV2_attack/11/01_02_11.avi": 0.11269247531890869,
    "hkbuV2_attack/11/01_03_11.avi": 0.21745818853378296,
    "hkbuV2_attack/11/01_04_11.avi": 0.09769982099533081,
    "hkbuV2_attack/11/01_05_11.avi": 0.9318777322769165,
    "hkbuV2_attack/11/01_06_11.avi": 0.27024155855178833,
    "hkbuV2_attack/11/02_01_11.avi": 0.10077434778213501,
    "hkbuV2_attack/11/02_02_11.avi": 0.026263415813446045,
    "hkbuV2_attack/11/02_03_11.avi": 0.08211296796798706,
    "hkbuV2_attack/11/02_04_11.avi": 0.02971196174621582,
    "hkbuV2_attack/11/02_05_11.avi": 0.7651035785675049,
    "hkbuV2_attack/11/02_06_11.avi": 0.32385849952697754,
    "hkbuV2_attack/11/03_01_11.avi": 0.0769580602645874,
    "hkbuV2_attack/11/03_02_11.avi": 0.08456945419311523,
    "hkbuV2_attack/11/03_03_11.avi": 0.03685641288757324,
    "hkbuV2_attack/11/03_04_11.avi": 0.5040528774261475,
    "hkbuV2_attack/11/03_05_11.avi": 0.5430113077163696,
    "hkbuV2_attack/11/03_06_11.avi": 0.28848522901535034,
    "hkbuV2_attack/11/04_01_11.avi": 0.03720659017562866,
    "hkbuV2_attack/11/04_02_11.avi": 0.002633392810821533,
    "hkbuV2_attack/11/04_03_11.avi": 0.0349465012550354,
    "hkbuV2_attack/11/04_04_11.avi": 0.02142775058746338,
    "hkbuV2_attack/11/04_05_11.avi": 0.02338695526123047,
    "hkbuV2_attack/11/04_06_11.avi": 0.061527252197265625,
    "hkbuV2_attack/11/05_01_11.avi": 0.48024052381515503,
    "hkbuV2_attack/11/05_02_11.avi": 0.5878857374191284,
    "hkbuV2_attack/11/05_03_11.avi": 0.07554268836975098,
    "hkbuV2_attack/11/05_04_11.avi": 0.9409381151199341,
    "hkbuV2_attack/11/05_05_11.avi": 0.8389589190483093,
    "hkbuV2_attack/11/05_06_11.avi": 0.6707370281219482,
    "hkbuV2_attack/11/06_01_11.avi": 0.4099072813987732,
    "hkbuV2_attack/11/06_02_11.avi": 0.08592492341995239,
    "hkbuV2_attack/11/06_03_11.avi": 0.36479657888412476,
    "hkbuV2_attack/11/06_04_11.avi": 0.8611828088760376,
    "hkbuV2_attack/11/06_05_11.avi": 0.6349716186523438,
    "hkbuV2_attack/11/06_06_11.avi": 0.8605634570121765,
    "hkbuV2_attack/11/07_01_11.avi": 0.2334071397781372,
    "hkbuV2_attack/11/07_02_11.avi": 0.09801900386810303,
    "hkbuV2_attack/11/07_03_11.avi": 0.2882533073425293,
    "hkbuV2_attack/11/07_04_11.avi": 0.7164809107780457,
    "hkbuV2_attack/11/07_05_11.avi": 0.8402791023254395,
    "hkbuV2_attack/11/07_06_11.avi": 0.6302747130393982,
    "hkbuV2_attack/12/01_01_12.avi": 0.01894301176071167,
    "hkbuV2_attack/12/01_02_12.avi": 0.14319872856140137,
    "hkbuV2_attack/12/01_03_12.avi": 0.08276796340942383,
    "hkbuV2_attack/12/01_04_12.avi": 0.016072332859039307,
    "hkbuV2_attack/12/01_05_12.avi": 0.7607856392860413,
    "hkbuV2_attack/12/01_06_12.avi": 0.07504534721374512,
    "hkbuV2_attack/12/02_01_12.avi": 0.03709954023361206,
    "hkbuV2_attack/12/02_02_12.avi": 0.0018947124481201172,
    "hkbuV2_attack/12/02_03_12.avi": 0.005511820316314697,
    "hkbuV2_attack/12/02_04_12.avi": 0.08857834339141846,
    "hkbuV2_attack/12/02_05_12.avi": 0.5565170049667358,
    "hkbuV2_attack/12/02_06_12.avi": 0.34308117628097534,
    "hkbuV2_attack/12/03_01_12.avi": 0.03737920522689819,
    "hkbuV2_attack/12/03_02_12.avi": 0.06310075521469116,
    "hkbuV2_attack/12/03_03_12.avi": 0.05727940797805786,
    "hkbuV2_attack/12/03_04_12.avi": 0.4135258197784424,
    "hkbuV2_attack/12/03_05_12.avi": 0.2001071572303772,
    "hkbuV2_attack/12/03_06_12.avi": 0.022780895233154297,
    "hkbuV2_attack/12/04_01_12.avi": 0.01643460988998413,
    "hkbuV2_attack/12/04_02_12.avi": 0.013740301132202148,
    "hkbuV2_attack/12/04_03_12.avi": 0.009762227535247803,
    "hkbuV2_attack/12/04_04_12.avi": 0.0691990852355957,
    "hkbuV2_attack/12/04_05_12.avi": 0.23888975381851196,
    "hkbuV2_attack/12/04_06_12.avi": 0.07080799341201782,
    "hkbuV2_attack/12/05_01_12.avi": 0.29151856899261475,
    "hkbuV2_attack/12/05_02_12.avi": 0.642282247543335,
    "hkbuV2_attack/12/05_03_12.avi": 0.19509762525558472,
    "hkbuV2_attack/12/05_04_12.avi": 0.9368595480918884,
    "hkbuV2_attack/12/05_05_12.avi": 0.4473418593406677,
    "hkbuV2_attack/12/05_06_12.avi": 0.38715773820877075,
    "hkbuV2_attack/12/06_01_12.avi": 0.41862595081329346,
    "hkbuV2_attack/12/06_02_12.avi": 0.0863458514213562,
    "hkbuV2_attack/12/06_03_12.avi": 0.3498210906982422,
    "hkbuV2_attack/12/06_04_12.avi": 0.27150094509124756,
    "hkbuV2_attack/12/06_05_12.avi": 0.5680249929428101,
    "hkbuV2_attack/12/06_06_12.avi": 0.9245582222938538,
    "hkbuV2_attack/12/07_01_12.avi": 0.06137186288833618,
    "hkbuV2_attack/12/07_02_12.avi": 0.4607235789299011,
    "hkbuV2_attack/12/07_03_12.avi": 0.1443272829055786,
    "hkbuV2_attack/12/07_04_12.avi": 0.6374592781066895,
    "hkbuV2_attack/12/07_05_12.avi": 0.873435378074646,
    "hkbuV2_attack/12/07_06_12.avi": 0.2952660322189331,
    "hkbuV2_real/11/01_01_11.avi": 0.05411869287490845,
    "hkbuV2_real/11/01_02_11.avi": 0.08044964075088501,
    "hkbuV2_real/11/01_03_11.avi": 0.10150569677352905,
    "hkbuV2_real/11/01_04_11.avi": 0.23383766412734985,
    "hkbuV2_real/11/01_05_11.avi": 0.25688260793685913,
    "hkbuV2_real/11/01_06_11.avi": 0.08921730518341064,
    "hkbuV2_real/11/02_01_11.avi": 0.06342583894729614,
    "hkbuV2_real/11/02_02_11.avi": 0.013138055801391602,
    "hkbuV2_real/11/02_03_11.avi": 0.008359193801879883,
    "hkbuV2_real/11/02_04_11.avi": 0.009394586086273193,
    "hkbuV2_real/11/02_05_11.avi": 0.027584314346313477,
    "hkbuV2_real/11/02_06_11.avi": 0.00391697883605957,
    "hkbuV2_real/11/03_01_11.avi": 0.07796460390090942,
    "hkbuV2_real/11/03_02_11.avi": 0.04051530361175537,
    "hkbuV2_real/11/03_03_11.avi": 0.03903067111968994,
    "hkbuV2_real/11/03_04_11.avi": 0.13188278675079346,
    "hkbuV2_real/11/03_05_11.avi": 0.04058641195297241,
    "hkbuV2_real/11/03_06_11.avi": 0.08696484565734863,
    "hkbuV2_real/11/04_01_11.avi": 0.0044599175453186035,
    "hkbuV2_real/11/04_02_11.avi": 0.003327608108520508,
    "hkbuV2_real/11/04_03_11.avi": 0.0013427734375,
    "hkbuV2_real/11/04_04_11.avi": 0.0036954879760742188,
    "hkbuV2_real/11/04_05_11.avi": 0.005563616752624512,
    "hkbuV2_real/11/04_06_11.avi": 0.020406007766723633,
    "hkbuV2_real/11/05_01_11.avi": 0.3320271372795105,
    "hkbuV2_real/11/05_02_11.avi": 0.37460583448410034,
    "hkbuV2_real/11/05_03_11.avi": 0.06306129693984985,
    "hkbuV2_real/11/05_04_11.avi": 0.3995763063430786,
    "hkbuV2_real/11/05_05_11.avi": 0.1186913251876831,
    "hkbuV2_real/11/05_06_11.avi": 0.31239861249923706,
    "hkbuV2_real/11/06_01_11.avi": 0.4433712363243103,
    "hkbuV2_real/11/06_02_11.avi": 0.11770904064178467,
    "hkbuV2_real/11/06_03_11.avi": 0.06627011299133301,
    "hkbuV2_real/11/06_04_11.avi": 0.7630504965782166,
    "hkbuV2_real/11/06_05_11.avi": 0.6798831224441528,
    "hkbuV2_real/11/06_06_11.avi": 0.5153976678848267,
    "hkbuV2_real/11/07_01_11.avi": 0.030861496925354004,
    "hkbuV2_real/11/07_02_11.avi": 0.15288686752319336,
    "hkbuV2_real/11/07_03_11.avi": 0.017872989177703857,
    "hkbuV2_real/11/07_04_11.avi": 0.1847802996635437,
    "hkbuV2_real/11/07_05_11.avi": 0.030296623706817627,
    "hkbuV2_real/11/07_06_11.avi": 0.018303990364074707,
    "hkbuV2_real/12/01_01_12.avi": 0.0673145055770874,
    "hkbuV2_real/12/01_02_12.avi": 0.27286040782928467,
    "hkbuV2_real/12/01_03_12.avi": 0.09852325916290283,
    "hkbuV2_real/12/01_04_12.avi": 0.13097363710403442,
    "hkbuV2_real/12/01_05_12.avi": 0.08940708637237549,
    "hkbuV2_real/12/01_06_12.avi": 0.28541100025177,
    "hkbuV2_real/12/02_01_12.avi": 0.024809181690216064,
    "hkbuV2_real/12/02_02_12.avi": 0.15729951858520508,
    "hkbuV2_real/12/02_03_12.avi": 0.02470308542251587,
    "hkbuV2_real/12/02_04_12.avi": 0.05000370740890503,
    "hkbuV2_real/12/02_05_12.avi": 0.009718060493469238,
    "hkbuV2_real/12/02_06_12.avi": 0.1201474666595459,
    "hkbuV2_real/12/03_01_12.avi": 0.006956338882446289,
    "hkbuV2_real/12/03_02_12.avi": 0.04962247610092163,