{
    "devel": {
        "eer_point": 0.07500000000000001,
        "eer_th": 0.9557918056845665
    }
}