{
    "devel": {
        "eer_point": 0.04267161410119513,
        "eer_th": 0.450417697432219
    }
}