{
    "devel": {
        "eer_point": 0.2000000000000002,
        "eer_th": 0.648010289669037
    }
}