{
    "siw_Train/spoof/156/156-2-3-1-1.mov": 0.9886592030525208,
    "siw_Train/spoof/156/156-1-3-2-2.mov": 0.941155195236206,
    "siw_Train/spoof/156/156-1-3-3-1.mov": 0.9998165369033813,
    "siw_Train/spoof/156/156-2-3-2-2.mov": 0.9647434949874878,
    "siw_Train/spoof/156/156-2-3-3-1.mov": 0.9969274997711182,
    "siw_Train/spoof/156/156-1-3-4-2.mov": 0.9935492277145386,
    "siw_Train/spoof/156/156-1-3-1-2.mov": 0.9815214276313782,
    "siw_Train/spoof/156/156-1-3-2-1.mov": 0.9984769821166992,
    "siw_Train/spoof/156/156-2-3-1-2.mov": 0.9682577252388,
    "siw_Train/spoof/156/156-2-3-2-1.mov": 0.9875932931900024,
    "siw_Train/spoof/156/156-1-3-3-2.mov": 0.9978989362716675,
    "siw_Train/spoof/156/156-1-3-4-1.mov": 0.8330234885215759,
    "siw_Train/spoof/156/156-1-3-1-1.mov": 0.9939263463020325,
    "siw_Train/spoof/156/156-2-3-3-2.mov": 0.9642771482467651,
    "siw_Train/spoof/151/151-2-3-1-2.mov": 0.9062588810920715,
    "siw_Train/spoof/151/151-2-3-2-1.mov": 0.8843092918395996,
    "siw_Train/spoof/151/151-1-3-3-2.mov": 0.9941818118095398,
    "siw_Train/spoof/151/151-1-3-4-1.mov": 0.9891989827156067,
    "siw_Train/spoof/151/151-1-3-1-1.mov": 0.9920456409454346,
    "siw_Train/spoof/151/151-2-3-3-2.mov": 0.9827387928962708,
    "siw_Train/spoof/151/151-2-3-1-1.mov": 0.951046347618103,
    "siw_Train/spoof/151/151-1-3-2-2.mov": 0.9184871912002563,
    "siw_Train/spoof/151/151-1-3-3-1.mov": 0.9626847505569458,
    "siw_Train/spoof/151/151-2-3-2-2.mov": 0.9746525883674622,
    "siw_Train/spoof/151/151-2-3-3-1.mov": 0.7116221189498901,
    "siw_Train/spoof/151/151-1-3-4-2.mov": 0.9093005061149597,
    "siw_Train/spoof/151/151-1-3-1-2.mov": 0.9920195937156677,
    "siw_Train/spoof/151/151-1-3-2-1.mov": 0.9299532175064087,
    "siw_Train/spoof/160/160-2-3-1-2.mov": 0.962223470211029,
    "siw_Train/spoof/160/160-2-3-2-1.mov": 0.5543251037597656,
    "siw_Train/spoof/160/160-1-3-3-2.mov": 0.8270267844200134,
    "siw_Train/spoof/160/160-1-3-4-1.mov": 0.9776843786239624,
    "siw_Train/spoof/160/160-1-3-1-1.mov": 0.9767018556594849,
    "siw_Train/spoof/160/160-2-3-3-2.mov": 0.9458017945289612,
    "siw_Train/spoof/160/160-2-3-1-1.mov": 0.9622960090637207,
    "siw_Train/spoof/160/160-1-3-2-2.mov": 0.9787924885749817,
    "siw_Train/spoof/160/160-1-3-3-1.mov": 0.9763118028640747,
    "siw_Train/spoof/160/160-2-3-2-2.mov": 0.8649889230728149,
    "siw_Train/spoof/160/160-2-3-3-1.mov": 0.9849665760993958,
    "siw_Train/spoof/160/160-1-3-4-2.mov": 0.848336935043335,
    "siw_Train/spoof/160/160-1-3-1-2.mov": 0.9944631457328796,
    "siw_Train/spoof/160/160-1-3-2-1.mov": 0.9360400438308716,
    "siw_Train/spoof/152/152-2-3-2-1.mov": 0.882169783115387,
    "siw_Train/spoof/152/152-1-3-3-2.mov": 0.9992395639419556,
    "siw_Train/spoof/152/152-1-3-4-1.mov": 0.9463096857070923,
    "siw_Train/spoof/152/152-2-3-3-2.mov": 0.9990226626396179,
    "siw_Train/spoof/152/152-1-3-1-1.mov": 0.9474079608917236,
    "siw_Train/spoof/152/152-2-3-1-1.mov": 0.7935265898704529,
    "siw_Train/spoof/152/152-1-3-2-2.mov": 0.9801544547080994,
    "siw_Train/spoof/152/152-1-3-3-1.mov": 0.9038862586021423,
    "siw_Train/spoof/152/152-2-3-2-2.mov": 0.9203289151191711,
    "siw_Train/spoof/152/152-2-3-3-1.mov": 0.9173524975776672,
    "siw_Train/spoof/152/152-1-3-4-2.mov": 0.8833757638931274,
    "siw_Train/spoof/152/152-1-3-1-2.mov": 0.8161718845367432,
    "siw_Train/spoof/152/152-1-3-2-1.mov": 0.9716518521308899,
    "siw_Train/spoof/152/152-2-3-1-2.mov": 0.5843154191970825,
    "siw_Train/spoof/159/159-1-3-4-2.mov": 0.09197217226028442,
    "siw_Train/spoof/159/159-1-3-1-2.mov": 0.7033752202987671,
    "siw_Train/spoof/159/159-1-3-2-1.mov": 0.7408496141433716,
    "siw_Train/spoof/159/159-2-3-1-2.mov": 0.1417810320854187,
    "siw_Train/spoof/159/159-2-3-2-1.mov": 0.88909912109375,
    "siw_Train/spoof/159/159-1-3-3-2.mov": 0.8779363632202148,
    "siw_Train/spoof/159/159-1-3-4-1.mov": 0.9340307116508484,
    "siw_Train/spoof/159/159-1-3-1-1.mov": 0.8151648640632629,
    "siw_Train/spoof/159/159-2-3-3-2.mov": 0.5265660285949707,
    "siw_Train/spoof/159/159-2-3-1-1.mov": 0.17719578742980957,
    "siw_Train/spoof/159/159-1-3-2-2.mov": 0.9473894238471985,
    "siw_Train/spoof/159/159-1-3-3-1.mov": 0.9865028858184814,
    "siw_Train/spoof/159/159-2-3-2-2.mov": 0.5228589773178101,
    "siw_Train/spoof/159/159-2-3-3-1.mov": 0.843932032585144,
    "siw_Train/spoof/164/164-2-3-1-1.mov": 0.9680591821670532,
    "siw_Train/spoof/164/164-1-3-2-2.mov": 0.9969350099563599,
    "siw_Train/spoof/164/164-1-3-3-1.mov": 0.9976505637168884,
    "siw_Train/spoof/164/164-2-3-2-2.mov": 0.9837967753410339,
    "siw_Train/spoof/164/164-2-3-3-1.mov": 0.9798620343208313,
    "siw_Train/spoof/164/164-1-3-4-2.mov": 0.9580789804458618,
    "siw_Train/spoof/164/164-1-3-1-2.mov": 0.9585872888565063,
    "siw_Train/spoof/164/164-1-3-2-1.mov": 0.9537631273269653,
    "siw_Train/spoof/164/164-2-3-4-2.mov": 0.9481568932533264,
    "siw_Train/spoof/164/164-2-3-1-2.mov": 0.890856921672821,
    "siw_Train/spoof/164/164-2-3-2-1.mov": 0.9219986200332642,
    "siw_Train/spoof/164/164-1-3-3-2.mov": 0.9999011754989624,
    "siw_Train/spoof/164/164-1-3-4-1.mov": 0.8717368841171265,
    "siw_Train/spoof/164/164-1-3-1-1.mov": 0.9951809048652649,
    "siw_Train/spoof/164/164-2-3-3-2.mov": 0.9408084154129028,
    "siw_Train/spoof/164/164-2-3-4-1.mov": 0.7754162549972534,
    "siw_Train/spoof/150/150-1-3-1-2.mov": 0.9036778211593628,
    "siw_Train/spoof/150/150-1-3-2-1.mov": 0.980945885181427,
    "siw_Train/spoof/150/150-2-3-1-2.mov": 0.9337450861930847,
    "siw_Train/spoof/150/150-2-3-2-1.mov": 0.9006131887435913,
    "siw_Train/spoof/150/150-1-3-3-2.mov": 0.9993131756782532,
    "siw_Train/spoof/150/150-1-3-4-1.mov": 0.9853705167770386,
    "siw_Train/spoof/150/150-1-3-1-1.mov": 0.8808532357215881,
    "siw_Train/spoof/150/150-2-3-3-2.mov": 0.9629823565483093,
    "siw_Train/spoof/150/150-2-3-1-1.mov": 0.8851833343505859,
    "siw_Train/spoof/150/150-1-3-2-2.mov": 0.8766958713531494,
    "siw_Train/spoof/150/150-1-3-3-1.mov": 0.9982932209968567,
    "siw_Train/spoof/150/150-2-3-2-2.mov": 0.31678545475006104,
    "siw_Train/spoof/150/150-2-3-3-1.mov": 0.988520622253418,
    "siw_Train/spoof/150/150-1-3-4-2.mov": 0.9875636100769043,
    "siw_Train/spoof/162/162-1-3-1-1.mov": 0.98738694190979,
    "siw_Train/spoof/162/162-2-3-3-2.mov": 0.9739773273468018,
    "siw_Train/spoof/162/162-2-3-4-1.mov": 0.874701976776123,
    "siw_Train/spoof/162/162-2-3-1-1.mov": 0.9728870391845703,
    "siw_Train/spoof/162/162-1-3-2-2.mov": 0.9904170036315918,
    "siw_Train/spoof/162/162-1-3-3-1.mov": 0.9086461067199707,
    "siw_Train/spoof/162/162-2-3-2-2.mov": 0.9930841326713562,
    "siw_Train/spoof/162/162-2-3-3-1.mov": 0.8467134833335876,
    "siw_Train/spoof/162/162-1-3-4-2.mov": 0.9965918064117432,
    "siw_Train/spoof/162/162-1-3-1-2.mov": 0.8199205994606018,
    "siw_Train/spoof/162/162-1-3-2-1.mov": 0.9714982509613037,
    "siw_Train/spoof/162/162-2-3-4-2.mov": 0.9328097105026245,
    "siw_Train/spoof/162/162-2-3-1-2.mov": 0.465822696685791,
    "siw_Train/spoof/162/162-2-3-2-1.mov": 0.741016149520874,
    "siw_Train/spoof/162/162-1-3-3-2.mov": 0.9980702996253967,
    "siw_Train/spoof/162/162-1-3-4-1.mov": 0.9586020708084106,
    "siw_Train/spoof/157/157-2-3-2-2.mov": 0.8155258893966675,
    "siw_Train/spoof/157/157-2-3-3-1.mov": 0.9742390513420105,
    "siw_Train/spoof/157/157-1-3-4-2.mov": 0.7062414884567261,
    "siw_Train/spoof/157/157-1-3-1-2.mov": 0.9981986284255981,
    "siw_Train/spoof/157/157-1-3-2-1.mov": 0.28332847356796265,
    "siw_Train/spoof/157/157-2-3-1-2.mov": 0.9799323081970215,
    "siw_Train/spoof/157/157-2-3-2-1.mov": 0.8725382685661316,
    "siw_Train/spoof/157/157-1-3-3-2.mov": 0.9951390027999878,
    "siw_Train/spoof/157/157-1-3-4-1.mov": 0.8498778939247131,
    "siw_Train/spoof/157/157-1-3-1-1.mov": 0.9976022839546204,
    "siw_Train/spoof/157/157-2-3-3-2.mov": 0.974410355091095,