{
    "threedmad_Data/11_02_02.avi": 0.5838988423347473,
    "threedmad_Data/08_01_03.avi": 0.022112905979156494,
    "threedmad_Data/12_01_02.avi": 0.13786649703979492,
    "threedmad_Data/09_01_05.avi": 0.01343226432800293,
    "threedmad_Data/09_01_04.avi": 0.02323329448699951,
    "threedmad_Data/12_01_05.avi": 0.1589096188545227,
    "threedmad_Data/12_02_02.avi": 0.5893014669418335,
    "threedmad_Data/12_02_05.avi": 0.10876989364624023,
    "threedmad_Data/09_03_04.avi": 0.8939176797866821,
    "threedmad_Data/10_01_02.avi": 0.06780320405960083,
    "threedmad_Data/10_02_03.avi": 0.028248608112335205,
    "threedmad_Data/12_03_03.avi": 0.963921308517456,
    "threedmad_Data/08_01_02.avi": 0.048093199729919434,
    "threedmad_Data/10_02_04.avi": 0.22033995389938354,
    "threedmad_Data/10_02_02.avi": 0.026234149932861328,
    "threedmad_Data/08_02_01.avi": 0.11082655191421509,
    "threedmad_Data/09_03_02.avi": 0.816693127155304,
    "threedmad_Data/09_02_03.avi": 0.11258554458618164,
    "threedmad_Data/12_03_02.avi": 0.9258893728256226,
    "threedmad_Data/12_01_04.avi": 0.0962720513343811,
    "threedmad_Data/08_03_04.avi": 0.8088904619216919,
    "threedmad_Data/10_01_05.avi": 0.03247523307800293,
    "threedmad_Data/10_03_01.avi": 0.6289546489715576,
    "threedmad_Data/11_03_03.avi": 0.9854423999786377,
    "threedmad_Data/11_01_01.avi": 0.7201904058456421,
    "threedmad_Data/10_02_01.avi": 0.03159666061401367,
    "threedmad_Data/12_02_03.avi": 0.7248634696006775,
    "threedmad_Data/12_03_01.avi": 0.8918007612228394,
    "threedmad_Data/11_01_04.avi": 0.932317852973938,
    "threedmad_Data/11_03_05.avi": 0.9612193703651428,
    "threedmad_Data/08_01_04.avi": 0.07604742050170898,
    "threedmad_Data/10_02_05.avi": 0.014448165893554688,
    "threedmad_Data/09_03_03.avi": 0.9209648966789246,
    "threedmad_Data/11_01_03.avi": 0.9015856385231018,
    "threedmad_Data/09_01_01.avi": 0.07893949747085571,
    "threedmad_Data/10_01_04.avi": 0.02664625644683838,
    "threedmad_Data/11_02_05.avi": 0.8688856363296509,
    "threedmad_Data/11_02_01.avi": 0.8385117053985596,
    "threedmad_Data/09_01_03.avi": 0.006910741329193115,
    "threedmad_Data/08_02_02.avi": 0.012082993984222412,
    "threedmad_Data/09_03_05.avi": 0.90793776512146,
    "threedmad_Data/10_03_05.avi": 0.4827752709388733,
    "threedmad_Data/08_02_03.avi": 0.06525546312332153,
    "threedmad_Data/09_02_04.avi": 0.21386784315109253,
    "threedmad_Data/11_03_02.avi": 0.9365713000297546,
    "threedmad_Data/11_02_04.avi": 0.6203571557998657,
    "threedmad_Data/08_03_02.avi": 0.8805914521217346,
    "threedmad_Data/11_02_03.avi": 0.831649899482727,
    "threedmad_Data/12_01_03.avi": 0.255636990070343,
    "threedmad_Data/12_02_01.avi": 0.393028199672699,
    "threedmad_Data/09_02_02.avi": 0.11288332939147949,
    "threedmad_Data/08_03_01.avi": 0.5048068761825562,
    "threedmad_Data/11_01_02.avi": 0.9405315518379211,
    "threedmad_Data/12_03_04.avi": 0.9458246827125549,
    "threedmad_Data/09_03_01.avi": 0.88899165391922,
    "threedmad_Data/10_03_04.avi": 0.46405327320098877,
    "threedmad_Data/10_03_03.avi": 0.6597568988800049,
    "threedmad_Data/08_02_04.avi": 0.30402570962905884,
    "threedmad_Data/08_01_05.avi": 0.05925869941711426,
    "threedmad_Data/09_02_05.avi": 0.16055411100387573,
    "threedmad_Data/11_03_01.avi": 0.9866742491722107,
    "threedmad_Data/08_01_01.avi": 0.056529223918914795,
    "threedmad_Data/09_01_02.avi": 0.008095145225524902,
    "threedmad_Data/12_03_05.avi": 0.9216790795326233,
    "threedmad_Data/12_02_04.avi": 0.2770894169807434,
    "threedmad_Data/11_03_04.avi": 0.9461261034011841,
    "threedmad_Data/10_01_01.avi": 0.043620526790618896,
    "threedmad_Data/10_03_02.avi": 0.5799619555473328,
    "threedmad_Data/12_01_01.avi": 0.26631200313568115,
    "threedmad_Data/08_03_03.avi": 0.8962152004241943,
    "threedmad_Data/08_03_05.avi": 0.7484217882156372,
    "threedmad_Data/10_01_03.avi": 0.028355896472930908,
    "threedmad_Data/09_02_01.avi": 0.0451657772064209,
    "threedmad_Data/08_02_05.avi": 0.05130571126937866,
    "threedmad_Data/11_01_05.avi": 0.9573194980621338
}