{
    "devel": {
        "eer_point": 0.07913669064791562,
        "eer_th": 0.5744478702563128
    }
}