{
    "devel": {
        "eer_point": 0.07206317867699184,
        "eer_th": 0.6269714705210304
    }
}