{
    "devel": {
        "eer_point": 0.14285714285714293,
        "eer_th": 0.5999628344139496
    }
}