{
    "csmad_attack/STAND/E/Mask_atk_E2_i3_043": 0.679995059967041,
    "csmad_attack/STAND/E/Mask_atk_E2_i1_041": 0.5454658269882202,
    "csmad_attack/STAND/E/Mask_atk_E1_i2_038": 0.6757124066352844,
    "csmad_attack/STAND/E/Mask_atk_E1_i3_039": 0.5748754739761353,
    "csmad_attack/STAND/E/Mask_atk_E1_i0_036": 0.489673912525177,
    "csmad_attack/STAND/E/Mask_atk_E2_i2_042": 0.6848148703575134,
    "csmad_attack/STAND/E/Mask_atk_E1_i1_037": 0.5789930820465088,
    "csmad_attack/STAND/E/Mask_atk_E2_i0_040": 0.7777318954467773,
    "csmad_attack/STAND/F/Mask_atk_F2_i2_051": 0.37171393632888794,
    "csmad_attack/STAND/F/Mask_atk_F2_i0_048": 0.6684249639511108,
    "csmad_attack/STAND/F/Mask_atk_F2_i1_049": 0.7674726247787476,
    "csmad_attack/STAND/F/Mask_atk_F1_i0_044": 0.8219714164733887,
    "csmad_attack/STAND/F/Mask_atk_F2_i3_052": 0.7490620613098145,
    "csmad_attack/STAND/F/Mask_atk_F1_i3_047": 0.6313960552215576,
    "csmad_attack/STAND/F/Mask_atk_F2_i1_050": 0.872356116771698,
    "csmad_attack/STAND/F/Mask_atk_F1_i1_045": 0.7139774560928345,
    "csmad_attack/STAND/F/Mask_atk_F1_i2_046": 0.4799725413322449,
    "csmad_attack/WEAR/E/E_atk_E2_i2_039": 0.8975077271461487,
    "csmad_attack/WEAR/E/E_atk_E2_i3_040": 0.6988493800163269,
    "csmad_attack/WEAR/E/F_atk_E2_i3_050": 0.8420157432556152,
    "csmad_attack/WEAR/E/E_atk_E2_i0_037": 0.6555217504501343,
    "csmad_attack/WEAR/E/E_atk_E2_i1_038": 0.5624725818634033,
    "csmad_attack/WEAR/E/F_atk_E1_i2_045": 0.6175516843795776,
    "csmad_attack/WEAR/E/F_atk_E2_i1_048": 0.5435736179351807,
    "csmad_attack/WEAR/E/E_atk_E1_i2_035": 0.5277438163757324,
    "csmad_attack/WEAR/E/E_atk_E1_i1_034": 0.5621681213378906,
    "csmad_attack/WEAR/E/E_atk_E1_i3_036": 0.4412807822227478,
    "csmad_attack/WEAR/E/F_atk_E2_i2_049": 0.8842324614524841,
    "csmad_attack/WEAR/E/F_atk_E2_i0_047": 0.46188026666641235,
    "csmad_attack/WEAR/E/F_atk_E1_i0_043": 0.6900355815887451,
    "csmad_attack/WEAR/E/F_atk_E1_i1_044": 0.5546622276306152,
    "csmad_attack/WEAR/E/E_atk_E1_i0_033": 0.6764430403709412,
    "csmad_attack/WEAR/E/F_atk_E1_i3_046": 0.5508682131767273,
    "csmad_attack/WEAR/F/F_atk_F1_i0_051": 0.9558706879615784,
    "csmad_attack/WEAR/F/F_atk_F2_i3_060": 0.6762230396270752,
    "csmad_attack/WEAR/F/E_atk_F2_i1_047": 0.5493749976158142,
    "csmad_attack/WEAR/F/F_atk_F1_i2_053": 0.5617820024490356,
    "csmad_attack/WEAR/F/F_atk_F2_i1_056": 0.4528650641441345,
    "csmad_attack/WEAR/F/F_atk_F2_i2_059": 0.6568615436553955,
    "csmad_attack/WEAR/F/F_atk_F1_i3_054": 0.6283090114593506,
    "csmad_attack/WEAR/F/E_atk_F1_i3_045": 0.30591636896133423,
    "csmad_attack/WEAR/F/F_atk_F2_i0_055": 0.6565184593200684,
    "csmad_attack/WEAR/F/E_atk_F2_i0_046": 0.6537102460861206,
    "csmad_attack/WEAR/F/F_atk_F1_i1_052": 0.4589788317680359,
    "csmad_attack/WEAR/F/E_atk_F1_i0_041": 0.6776500940322876,
    "csmad_attack/WEAR/F/E_atk_F1_i2_044": 0.695543646812439,
    "csmad_attack/WEAR/F/E_atk_F2_i2_048": 0.4572319984436035,
    "csmad_attack/WEAR/F/E_atk_F2_i3_049": 0.7146004438400269,
    "csmad_attack/WEAR/F/E_atk_F1_i1_043": 0.5517160892486572,
    "csmad_bonafide/E/E_gen_i1_004": 0.30882692337036133,
    "csmad_bonafide/E/E_gen_i2_005": 0.8725904822349548,
    "csmad_bonafide/E/E_gen_i3_006": 0.7817116379737854,
    "csmad_bonafide/E/E_gen_i0_003": 0.42481178045272827,
    "csmad_bonafide/F/F_gen_i1_008": 0.3611680865287781,
    "csmad_bonafide/F/F_gen_i3_010": 0.10611158609390259,
    "csmad_bonafide/F/F_gen_i0_007": 0.12884169816970825,
    "csmad_bonafide/F/F_gen_i2_009": 0.3749600648880005,
    "csmad_bonafide/M/M_genglasses_i3_016": 0.04560351371765137,
    "csmad_bonafide/M/M_gen_i0_009": 0.0336872935295105,
    "csmad_bonafide/M/M_gen_i2_011": 0.15639036893844604,
    "csmad_bonafide/M/M_genglasses_i0_013": 0.07053267955780029,
    "csmad_bonafide/M/M_gen_i1_010": 0.3502016067504883,
    "csmad_bonafide/M/M_genglasses_i1_014": 0.1777489185333252,
    "csmad_bonafide/M/M_gen_i3_012": 0.04165571928024292,
    "csmad_bonafide/M/M_genglasses_i2_015": 0.3879275918006897,
    "csmad_bonafide/N/N_genglasses_i0_021": 0.8248546123504639,
    "csmad_bonafide/N/N_genglasses_i2_023": 0.16508394479751587,
    "csmad_bonafide/N/N_genglasses_i1_022": 0.4670863151550293,
    "csmad_bonafide/N/N_gen_i2_019": 0.30790942907333374,
    "csmad_bonafide/N/N_genglasses_i3_024": 0.138968825340271,
    "csmad_bonafide/N/N_gen_i3_020": 0.23639076948165894,
    "csmad_bonafide/N/N_gen_i0_017": 0.0374181866645813,
    "csmad_bonafide/N/N_gen_i1_018": 0.6065528392791748
}