{
    "casia-fasd_train_release/17/6.avi": 0.9541049599647522,
    "casia-fasd_train_release/17/1.avi": 0.16973572969436646,
    "casia-fasd_train_release/17/HR_4.avi": 0.7894518375396729,
    "casia-fasd_train_release/17/HR_2.avi": 0.8546487092971802,
    "casia-fasd_train_release/17/5.avi": 0.9621213674545288,
    "casia-fasd_train_release/17/8.avi": 0.9058541059494019,
    "casia-fasd_train_release/17/4.avi": 0.9611649513244629,
    "casia-fasd_train_release/17/2.avi": 0.1609969139099121,
    "casia-fasd_train_release/17/HR_3.avi": 0.990173876285553,
    "casia-fasd_train_release/17/7.avi": 0.891258955001831,
    "casia-fasd_train_release/17/HR_1.avi": 0.07158792018890381,
    "casia-fasd_train_release/17/3.avi": 0.9768218398094177,
    "casia-fasd_train_release/18/6.avi": 0.9245540499687195,
    "casia-fasd_train_release/18/1.avi": 0.02820819616317749,
    "casia-fasd_train_release/18/HR_4.avi": 0.8519852757453918,
    "casia-fasd_train_release/18/HR_2.avi": 0.7552315592765808,
    "casia-fasd_train_release/18/5.avi": 0.8430325388908386,
    "casia-fasd_train_release/18/8.avi": 0.6533740758895874,
    "casia-fasd_train_release/18/4.avi": 0.7555974721908569,
    "casia-fasd_train_release/18/2.avi": 0.07443106174468994,
    "casia-fasd_train_release/18/HR_3.avi": 0.7954400777816772,
    "casia-fasd_train_release/18/7.avi": 0.8778858184814453,
    "casia-fasd_train_release/18/HR_1.avi": 0.1871051788330078,
    "casia-fasd_train_release/18/3.avi": 0.8512305021286011,
    "casia-fasd_train_release/19/6.avi": 0.7579402923583984,
    "casia-fasd_train_release/19/1.avi": 0.07314342260360718,
    "casia-fasd_train_release/19/HR_4.avi": 0.9473428726196289,
    "casia-fasd_train_release/19/HR_2.avi": 0.7083803415298462,
    "casia-fasd_train_release/19/5.avi": 0.6258125305175781,
    "casia-fasd_train_release/19/8.avi": 0.962178111076355,
    "casia-fasd_train_release/19/4.avi": 0.8009973168373108,
    "casia-fasd_train_release/19/2.avi": 0.1352989673614502,
    "casia-fasd_train_release/19/HR_3.avi": 0.9001104235649109,
    "casia-fasd_train_release/19/7.avi": 0.9477519989013672,
    "casia-fasd_train_release/19/HR_1.avi": 0.3514230251312256,
    "casia-fasd_train_release/19/3.avi": 0.9688699841499329,
    "casia-fasd_train_release/20/6.avi": 0.9845049977302551,
    "casia-fasd_train_release/20/1.avi": 0.01646864414215088,
    "casia-fasd_train_release/20/HR_4.avi": 0.8820956945419312,
    "casia-fasd_train_release/20/HR_2.avi": 0.7695223093032837,
    "casia-fasd_train_release/20/5.avi": 0.9818735718727112,
    "casia-fasd_train_release/20/8.avi": 0.7315318584442139,
    "casia-fasd_train_release/20/4.avi": 0.9045302867889404,
    "casia-fasd_train_release/20/2.avi": 0.094479501247406,
    "casia-fasd_train_release/20/HR_3.avi": 0.9826413989067078,
    "casia-fasd_train_release/20/7.avi": 0.8669646382331848,
    "casia-fasd_train_release/20/HR_1.avi": 0.11712384223937988,
    "casia-fasd_train_release/20/3.avi": 0.9150261878967285
}