{
    "hkbu_s1/04_01_01.mp4": 0.43806934356689453,
    "hkbu_s1/04_01_02.mp4": 0.45757824182510376,
    "hkbu_s1/04_01_03.mp4": 0.4486798644065857,
    "hkbu_s1/04_01_04.mp4": 0.5259050130844116,
    "hkbu_s1/04_01_05.mp4": 0.619602382183075,
    "hkbu_s1/05_01_01.mp4": 0.4775928258895874,
    "hkbu_s1/05_01_02.mp4": 0.5134005546569824,
    "hkbu_s1/05_01_03.mp4": 0.40583622455596924,
    "hkbu_s1/05_01_04.mp4": 0.5002952814102173,
    "hkbu_s1/05_01_05.mp4": 0.4166906476020813,
    "hkbu_s2/04_02_01.mp4": 0.5072599649429321,
    "hkbu_s2/04_02_02.mp4": 0.6627206206321716,
    "hkbu_s2/04_02_03.mp4": 0.4666794538497925,
    "hkbu_s2/04_02_04.mp4": 0.4341009855270386,
    "hkbu_s2/04_02_05.mp4": 0.45337414741516113,
    "hkbu_s2/05_02_01.mp4": 0.5471110343933105,
    "hkbu_s2/05_02_02.mp4": 0.5397135019302368,
    "hkbu_s2/05_02_03.mp4": 0.3757016062736511,
    "hkbu_s2/05_02_04.mp4": 0.5298594832420349,
    "hkbu_s2/05_02_05.mp4": 0.5244252681732178,
    "hkbu_s3/04_03_01.mp4": 0.5773782730102539,
    "hkbu_s3/04_03_02.mp4": 0.6193256378173828,
    "hkbu_s3/04_03_03.mp4": 0.6356961727142334,
    "hkbu_s3/04_03_04.mp4": 0.5812040567398071,
    "hkbu_s3/04_03_05.mp4": 0.5769785642623901,
    "hkbu_s3/05_03_01.mp4": 0.541854739189148,
    "hkbu_s3/05_03_02.mp4": 0.5863770842552185,
    "hkbu_s3/05_03_03.mp4": 0.5936762690544128,
    "hkbu_s3/05_03_04.mp4": 0.5834921598434448,
    "hkbu_s3/05_03_05.mp4": 0.5097748041152954,
    "hkbu_s3/08_03_01.mp4": 0.4838663935661316,
    "hkbu_s3/08_03_02.mp4": 0.448178231716156,
    "hkbu_s3/08_03_03.mp4": 0.4278845191001892,
    "hkbu_s3/08_03_04.mp4": 0.4130978584289551,
    "hkbu_s3/08_03_05.mp4": 0.43858546018600464
}