{
    "csmad_attack/STAND/A/Mask_atk_A2_i3_009": 0.5091193914413452,
    "csmad_attack/STAND/A/Mask_atk_A1_i1_002": 0.8701794147491455,
    "csmad_attack/STAND/A/Mask_atk_A1_i0_001": 0.5499019622802734,
    "csmad_attack/STAND/A/Mask_atk_A2_i0_006": 0.3359299302101135,
    "csmad_attack/STAND/A/Mask_atk_A1_i3_004": 0.6380550861358643,
    "csmad_attack/STAND/A/Mask_atk_A1_i2_003": 0.8209697008132935,
    "csmad_attack/STAND/A/Mask_atk_A2_i2_008": 0.48912686109542847,
    "csmad_attack/STAND/A/Mask_atk_A2_i1_007": 0.4491910934448242,
    "csmad_attack/STAND/D/Mask_atk_D1_i1_029": 0.7143780589103699,
    "csmad_attack/STAND/D/Mask_atk_D1_i3_031": 0.677005410194397,
    "csmad_attack/STAND/D/Mask_atk_D2_i2_034": 0.512742280960083,
    "csmad_attack/STAND/D/Mask_atk_D2_i1_033": 0.8632668256759644,
    "csmad_attack/STAND/D/Mask_atk_D1_i2_030": 0.7901502251625061,
    "csmad_attack/STAND/D/Mask_atk_D1_i0_028": 0.8745030164718628,
    "csmad_attack/STAND/D/Mask_atk_D2_i3_035": 0.6594662666320801,
    "csmad_attack/STAND/D/Mask_atk_D2_i0_032": 0.7585706114768982,
    "csmad_attack/WEAR/A/F_atk_A2_i1_016": 0.6196416616439819,
    "csmad_attack/WEAR/A/F_atk_A1_i0_011": 0.7695422172546387,
    "csmad_attack/WEAR/A/E_atk_A2_i3_008": 0.6957188844680786,
    "csmad_attack/WEAR/A/E_atk_A1_i2_003": 0.6143239736557007,
    "csmad_attack/WEAR/A/E_atk_A2_i1_006": 0.8231186270713806,
    "csmad_attack/WEAR/A/F_atk_A2_i3_018": 0.6991685628890991,
    "csmad_attack/WEAR/A/F_atk_A1_i1_012": 0.5580408573150635,
    "csmad_attack/WEAR/A/E_atk_A1_i0_001": 0.7996750473976135,
    "csmad_attack/WEAR/A/E_atk_A2_i2_007": 0.5917080640792847,
    "csmad_attack/WEAR/A/F_atk_A2_i2_017": 0.655728280544281,
    "csmad_attack/WEAR/A/E_atk_A2_i0_005": 0.38125163316726685,
    "csmad_attack/WEAR/A/F_atk_A1_i2_013": 0.684227466583252,
    "csmad_attack/WEAR/A/E_atk_A1_i3_004": 0.769885241985321,
    "csmad_attack/WEAR/A/F_atk_A1_i3_014": 0.8757703900337219,
    "csmad_attack/WEAR/A/E_atk_A1_i1_002": 0.6863970756530762,
    "csmad_attack/WEAR/A/F_atk_A2_i0_015": 0.30549532175064087,
    "csmad_attack/WEAR/D/E_atk_D1_i1_026": 0.4866616725921631,
    "csmad_attack/WEAR/D/F_atk_D2_i1_040": 0.5534403324127197,
    "csmad_attack/WEAR/D/F_atk_D1_i2_037": 0.45495688915252686,
    "csmad_attack/WEAR/D/E_atk_D2_i2_031": 0.5035611391067505,
    "csmad_attack/WEAR/D/E_atk_D3_i2_053": 0.9619472026824951,
    "csmad_attack/WEAR/D/F_atk_D1_i0_035": 0.7692617177963257,
    "csmad_attack/WEAR/D/E_atk_D2_i3_032": 0.3840295076370239,
    "csmad_attack/WEAR/D/E_atk_D1_i0_025": 0.3884146809577942,
    "csmad_attack/WEAR/D/E_atk_D3_i0_050": 0.35043877363204956,
    "csmad_attack/WEAR/D/F_atk_D3_i2_063": 0.6008845567703247,
    "csmad_attack/WEAR/D/E_atk_D3_i1_051": 0.5484554767608643,
    "csmad_attack/WEAR/D/F_atk_D3_i1_062": 0.8343626856803894,
    "csmad_attack/WEAR/D/F_atk_D3_i3_064": 0.40103983879089355,
    "csmad_attack/WEAR/D/F_atk_D2_i0_039": 0.30384665727615356,
    "csmad_attack/WEAR/D/E_atk_D1_i2_027": 0.4195203185081482,
    "csmad_attack/WEAR/D/E_atk_D2_i1_030": 0.6120461821556091,
    "csmad_attack/WEAR/D/E_atk_D3_i3_054": 0.6373783349990845,
    "csmad_attack/WEAR/D/E_atk_D1_i3_028": 0.4687296152114868,
    "csmad_attack/WEAR/D/F_atk_D1_i3_038": 0.6148087978363037,
    "csmad_attack/WEAR/D/F_atk_D2_i2_041": 0.4852033853530884,
    "csmad_attack/WEAR/D/F_atk_D2_i3_042": 0.7620995044708252,
    "csmad_attack/WEAR/D/E_atk_D2_i0_029": 0.6198405623435974,
    "csmad_attack/WEAR/D/F_atk_D3_i0_061": 0.0897756814956665,
    "csmad_attack/WEAR/D/F_atk_D1_i1_036": 0.650382936000824,
    "csmad_bonafide/A/A_gen_i3_064": 0.36504387855529785,
    "csmad_bonafide/A/A_gen_i2_063": 0.39613640308380127,
    "csmad_bonafide/A/A_gen_i1_062": 0.3571828603744507,
    "csmad_bonafide/A/A_gen_i0_061": 0.24985134601593018,
    "csmad_bonafide/D/D_gen_i2_004": 0.15719962120056152,
    "csmad_bonafide/D/D_genglasses_i2_003": 0.21374863386154175,
    "csmad_bonafide/D/D_genglasses_i1_002": 0.4711204767227173,
    "csmad_bonafide/D/D_gen_i1_003": 0.5140876770019531,
    "csmad_bonafide/D/D_genglasses_i3_004": 0.060558438301086426,
    "csmad_bonafide/D/D_gen_i3_005": 0.12055408954620361,
    "csmad_bonafide/D/D_gen_i0_001": 0.4013657569885254,
    "csmad_bonafide/D/D_genglasses_i0_001": 0.14899146556854248,
    "csmad_bonafide/G/G_gen_i1_006": 0.23262172937393188,
    "csmad_bonafide/G/G_gen_i0_005": 0.19916903972625732,
    "csmad_bonafide/G/G_gen_i2_007": 0.6601796746253967,
    "csmad_bonafide/G/G_gen_i3_008": 0.0570528507232666,
    "csmad_bonafide/H/H_gen_i1_010": 0.32814812660217285,
    "csmad_bonafide/H/H_gen_i2_011": 0.13584470748901367,
    "csmad_bonafide/H/H_gen_i0_009": 0.053907692432403564,
    "csmad_bonafide/H/H_gen_i3_012": 0.04839503765106201,
    "csmad_bonafide/I/I_gen_i2_015": 0.332861065864563,
    "csmad_bonafide/I/I_gen_i3_016": 0.05323755741119385,
    "csmad_bonafide/I/I_gen_i1_014": 0.564899206161499,
    "csmad_bonafide/I/I_gen_i0_013": 0.34658777713775635
}