{
    "hkbuV2_attack/11/01_01_11.avi": 0.4106505513191223,
    "hkbuV2_attack/11/01_02_11.avi": 0.2598801851272583,
    "hkbuV2_attack/11/01_03_11.avi": 0.5923621654510498,
    "hkbuV2_attack/11/01_04_11.avi": 0.40356653928756714,
    "hkbuV2_attack/11/01_05_11.avi": 0.6429916620254517,
    "hkbuV2_attack/11/01_06_11.avi": 0.8190674185752869,
    "hkbuV2_attack/11/02_01_11.avi": 0.38119596242904663,
    "hkbuV2_attack/11/02_02_11.avi": 0.338789165019989,
    "hkbuV2_attack/11/02_03_11.avi": 0.20281243324279785,
    "hkbuV2_attack/11/02_04_11.avi": 0.3382468819618225,
    "hkbuV2_attack/11/02_05_11.avi": 0.4454783797264099,
    "hkbuV2_attack/11/02_06_11.avi": 0.8585259318351746,
    "hkbuV2_attack/11/03_01_11.avi": 0.0937468409538269,
    "hkbuV2_attack/11/03_02_11.avi": 0.24734878540039062,
    "hkbuV2_attack/11/03_03_11.avi": 0.04935222864151001,
    "hkbuV2_attack/11/03_04_11.avi": 0.11770451068878174,
    "hkbuV2_attack/11/03_05_11.avi": 0.5071521997451782,
    "hkbuV2_attack/11/03_06_11.avi": 0.058515191078186035,
    "hkbuV2_attack/11/04_01_11.avi": 0.544102668762207,
    "hkbuV2_attack/11/04_02_11.avi": 0.1277868151664734,
    "hkbuV2_attack/11/04_03_11.avi": 0.1780499815940857,
    "hkbuV2_attack/11/04_04_11.avi": 0.38338714838027954,
    "hkbuV2_attack/11/04_05_11.avi": 0.1634664535522461,
    "hkbuV2_attack/11/04_06_11.avi": 0.47911787033081055,
    "hkbuV2_attack/11/05_01_11.avi": 0.7958080768585205,
    "hkbuV2_attack/11/05_02_11.avi": 0.675656259059906,
    "hkbuV2_attack/11/05_03_11.avi": 0.6543749570846558,
    "hkbuV2_attack/11/05_04_11.avi": 0.8367353677749634,
    "hkbuV2_attack/11/05_05_11.avi": 0.9152040481567383,
    "hkbuV2_attack/11/05_06_11.avi": 0.9109616279602051,
    "hkbuV2_attack/11/06_01_11.avi": 0.7203370332717896,
    "hkbuV2_attack/11/06_02_11.avi": 0.5536441802978516,
    "hkbuV2_attack/11/06_03_11.avi": 0.6559860706329346,
    "hkbuV2_attack/11/06_04_11.avi": 0.9080991148948669,
    "hkbuV2_attack/11/06_05_11.avi": 0.6285463571548462,
    "hkbuV2_attack/11/06_06_11.avi": 0.9814364314079285,
    "hkbuV2_attack/11/07_01_11.avi": 0.3426269292831421,
    "hkbuV2_attack/11/07_02_11.avi": 0.09703361988067627,
    "hkbuV2_attack/11/07_03_11.avi": 0.5483344793319702,
    "hkbuV2_attack/11/07_04_11.avi": 0.5587224364280701,
    "hkbuV2_attack/11/07_05_11.avi": 0.8623591065406799,
    "hkbuV2_attack/11/07_06_11.avi": 0.7862908840179443,
    "hkbuV2_attack/12/01_01_12.avi": 0.1360986828804016,
    "hkbuV2_attack/12/01_02_12.avi": 0.3737659454345703,
    "hkbuV2_attack/12/01_03_12.avi": 0.2201979160308838,
    "hkbuV2_attack/12/01_04_12.avi": 0.18448686599731445,
    "hkbuV2_attack/12/01_05_12.avi": 0.7588481903076172,
    "hkbuV2_attack/12/01_06_12.avi": 0.5759097337722778,
    "hkbuV2_attack/12/02_01_12.avi": 0.2063736915588379,
    "hkbuV2_attack/12/02_02_12.avi": 0.056359827518463135,
    "hkbuV2_attack/12/02_03_12.avi": 0.08726257085800171,
    "hkbuV2_attack/12/02_04_12.avi": 0.24523156881332397,
    "hkbuV2_attack/12/02_05_12.avi": 0.363226056098938,
    "hkbuV2_attack/12/02_06_12.avi": 0.2731396555900574,
    "hkbuV2_attack/12/03_01_12.avi": 0.07218462228775024,
    "hkbuV2_attack/12/03_02_12.avi": 0.20451319217681885,
    "hkbuV2_attack/12/03_03_12.avi": 0.1128663420677185,
    "hkbuV2_attack/12/03_04_12.avi": 0.12278205156326294,
    "hkbuV2_attack/12/03_05_12.avi": 0.345595121383667,
    "hkbuV2_attack/12/03_06_12.avi": 0.054393887519836426,
    "hkbuV2_attack/12/04_01_12.avi": 0.09786981344223022,
    "hkbuV2_attack/12/04_02_12.avi": 0.09713315963745117,
    "hkbuV2_attack/12/04_03_12.avi": 0.2103290557861328,
    "hkbuV2_attack/12/04_04_12.avi": 0.34793245792388916,
    "hkbuV2_attack/12/04_05_12.avi": 0.08741772174835205,
    "hkbuV2_attack/12/04_06_12.avi": 0.21752572059631348,
    "hkbuV2_attack/12/05_01_12.avi": 0.7709464430809021,
    "hkbuV2_attack/12/05_02_12.avi": 0.35213661193847656,
    "hkbuV2_attack/12/05_03_12.avi": 0.23324060440063477,
    "hkbuV2_attack/12/05_04_12.avi": 0.9630151391029358,
    "hkbuV2_attack/12/05_05_12.avi": 0.39453744888305664,
    "hkbuV2_attack/12/05_06_12.avi": 0.8572942018508911,
    "hkbuV2_attack/12/06_01_12.avi": 0.6937496662139893,
    "hkbuV2_attack/12/06_02_12.avi": 0.4032410979270935,
    "hkbuV2_attack/12/06_03_12.avi": 0.7242922782897949,
    "hkbuV2_attack/12/06_04_12.avi": 0.5551804304122925,
    "hkbuV2_attack/12/06_05_12.avi": 0.49700474739074707,
    "hkbuV2_attack/12/06_06_12.avi": 0.9661457538604736,
    "hkbuV2_attack/12/07_01_12.avi": 0.19636470079421997,
    "hkbuV2_attack/12/07_02_12.avi": 0.19154489040374756,
    "hkbuV2_attack/12/07_03_12.avi": 0.48181647062301636,
    "hkbuV2_attack/12/07_04_12.avi": 0.29800766706466675,
    "hkbuV2_attack/12/07_05_12.avi": 0.9259300827980042,
    "hkbuV2_attack/12/07_06_12.avi": 0.5587726831436157,
    "hkbuV2_real/11/01_01_11.avi": 0.040320634841918945,
    "hkbuV2_real/11/01_02_11.avi": 0.2577972412109375,
    "hkbuV2_real/11/01_03_11.avi": 0.6499854326248169,
    "hkbuV2_real/11/01_04_11.avi": 0.098605215549469,
    "hkbuV2_real/11/01_05_11.avi": 0.47837090492248535,
    "hkbuV2_real/11/01_06_11.avi": 0.17047202587127686,
    "hkbuV2_real/11/02_01_11.avi": 0.07398325204849243,
    "hkbuV2_real/11/02_02_11.avi": 0.12981075048446655,
    "hkbuV2_real/11/02_03_11.avi": 0.04063290357589722,
    "hkbuV2_real/11/02_04_11.avi": 0.05075782537460327,
    "hkbuV2_real/11/02_05_11.avi": 0.21894806623458862,
    "hkbuV2_real/11/02_06_11.avi": 0.10020798444747925,
    "hkbuV2_real/11/03_01_11.avi": 0.024688005447387695,
    "hkbuV2_real/11/03_02_11.avi": 0.11600089073181152,
    "hkbuV2_real/11/03_03_11.avi": 0.08681458234786987,
    "hkbuV2_real/11/03_04_11.avi": 0.06875216960906982,
    "hkbuV2_real/11/03_05_11.avi": 0.2540932297706604,
    "hkbuV2_real/11/03_06_11.avi": 0.11260688304901123,
    "hkbuV2_real/11/04_01_11.avi": 0.016169309616088867,
    "hkbuV2_real/11/04_02_11.avi": 0.048937082290649414,
    "hkbuV2_real/11/04_03_11.avi": 0.038696885108947754,
    "hkbuV2_real/11/04_04_11.avi": 0.03269624710083008,
    "hkbuV2_real/11/04_05_11.avi": 0.057336270809173584,
    "hkbuV2_real/11/04_06_11.avi": 0.30789774656295776,
    "hkbuV2_real/11/05_01_11.avi": 0.22776758670806885,
    "hkbuV2_real/11/05_02_11.avi": 0.2386331558227539,
    "hkbuV2_real/11/05_03_11.avi": 0.1164172887802124,
    "hkbuV2_real/11/05_04_11.avi": 0.15658193826675415,
    "hkbuV2_real/11/05_05_11.avi": 0.2898593544960022,
    "hkbuV2_real/11/05_06_11.avi": 0.23173844814300537,
    "hkbuV2_real/11/06_01_11.avi": 0.4306700825691223,
    "hkbuV2_real/11/06_02_11.avi": 0.3096422553062439,
    "hkbuV2_real/11/06_03_11.avi": 0.22559094429016113,
    "hkbuV2_real/11/06_04_11.avi": 0.6767077445983887,
    "hkbuV2_real/11/06_05_11.avi": 0.4396224021911621,
    "hkbuV2_real/11/06_06_11.avi": 0.7383154034614563,
    "hkbuV2_real/11/07_01_11.avi": 0.07562345266342163,
    "hkbuV2_real/11/07_02_11.avi": 0.11442196369171143,
    "hkbuV2_real/11/07_03_11.avi": 0.1400638222694397,
    "hkbuV2_real/11/07_04_11.avi": 0.10016143321990967,
    "hkbuV2_real/11/07_05_11.avi": 0.09390908479690552,
    "hkbuV2_real/11/07_06_11.avi": 0.12327486276626587,
    "hkbuV2_real/12/01_01_12.avi": 0.13853389024734497,
    "hkbuV2_real/12/01_02_12.avi": 0.3710440397262573,
    "hkbuV2_real/12/01_03_12.avi": 0.2702867388725281,
    "hkbuV2_real/12/01_04_12.avi": 0.36058729887008667,
    "hkbuV2_real/12/01_05_12.avi": 0.47845935821533203,
    "hkbuV2_real/12/01_06_12.avi": 0.16657543182373047,
    "hkbuV2_real/12/02_01_12.avi": 0.12687307596206665,
    "hkbuV2_real/12/02_02_12.avi": 0.4540037512779236,
    "hkbuV2_real/12/02_03_12.avi": 0.37083595991134644,
    "hkbuV2_real/12/02_04_12.avi": 0.21644341945648193,
    "hkbuV2_real/12/02_05_12.avi": 0.24545246362686157,
    "hkbuV2_real/12/02_06_12.avi": 0.16623187065124512,
    "hkbuV2_real/12/03_01_12.avi": 0.04098409414291382,
    "hkbuV2_real/12/03_02_12.avi": 0.1267300844192505,
    "hkbuV2_real/12/03_03_12.avi": 0.4151172637939453,