{
    "devel": {
        "eer_point": 0.06249999999839226,
        "eer_th": 0.8134624361978948
    }
}