{
    "devel": {
        "eer_point": 0.08569299553005469,
        "eer_th": 0.5329200029400866
    }
}