{
    "devel": {
        "eer_point": 0.07931766370568351,
        "eer_th": 0.5735770858277803
    }
}