{
    "casia-fasd_train_release/17/6.avi": 0.9904531240463257,
    "casia-fasd_train_release/17/1.avi": 0.7087484002113342,
    "casia-fasd_train_release/17/HR_4.avi": 0.6936414241790771,
    "casia-fasd_train_release/17/HR_2.avi": 0.6865556240081787,
    "casia-fasd_train_release/17/5.avi": 0.9944638609886169,
    "casia-fasd_train_release/17/8.avi": 0.9813790321350098,
    "casia-fasd_train_release/17/4.avi": 0.9057362675666809,
    "casia-fasd_train_release/17/2.avi": 0.1663440465927124,
    "casia-fasd_train_release/17/HR_3.avi": 0.9640271067619324,
    "casia-fasd_train_release/17/7.avi": 0.8309715986251831,
    "casia-fasd_train_release/17/HR_1.avi": 0.01239866018295288,
    "casia-fasd_train_release/17/3.avi": 0.973542332649231,
    "casia-fasd_train_release/18/6.avi": 0.5813069343566895,
    "casia-fasd_train_release/18/1.avi": 0.01011955738067627,
    "casia-fasd_train_release/18/HR_4.avi": 0.3562975525856018,
    "casia-fasd_train_release/18/HR_2.avi": 0.26823121309280396,
    "casia-fasd_train_release/18/5.avi": 0.5849318504333496,
    "casia-fasd_train_release/18/8.avi": 0.4343563914299011,
    "casia-fasd_train_release/18/4.avi": 0.6512916684150696,
    "casia-fasd_train_release/18/2.avi": 0.0035061240196228027,
    "casia-fasd_train_release/18/HR_3.avi": 0.3825954794883728,
    "casia-fasd_train_release/18/7.avi": 0.7046196460723877,
    "casia-fasd_train_release/18/HR_1.avi": 0.0015784502029418945,
    "casia-fasd_train_release/18/3.avi": 0.36322134733200073,
    "casia-fasd_train_release/19/6.avi": 0.937345564365387,
    "casia-fasd_train_release/19/1.avi": 0.32244235277175903,
    "casia-fasd_train_release/19/HR_4.avi": 0.7598732113838196,
    "casia-fasd_train_release/19/HR_2.avi": 0.6645848751068115,
    "casia-fasd_train_release/19/5.avi": 0.5904633402824402,
    "casia-fasd_train_release/19/8.avi": 0.9537612795829773,
    "casia-fasd_train_release/19/4.avi": 0.9400616884231567,
    "casia-fasd_train_release/19/2.avi": 0.5015267133712769,
    "casia-fasd_train_release/19/HR_3.avi": 0.9864313006401062,
    "casia-fasd_train_release/19/7.avi": 0.8892823457717896,
    "casia-fasd_train_release/19/HR_1.avi": 0.10829025506973267,
    "casia-fasd_train_release/19/3.avi": 0.951995313167572,
    "casia-fasd_train_release/20/6.avi": 0.9969890713691711,
    "casia-fasd_train_release/20/1.avi": 0.03912574052810669,
    "casia-fasd_train_release/20/HR_4.avi": 0.7289773225784302,
    "casia-fasd_train_release/20/HR_2.avi": 0.8567317128181458,
    "casia-fasd_train_release/20/5.avi": 0.9784261584281921,
    "casia-fasd_train_release/20/8.avi": 0.7957211136817932,
    "casia-fasd_train_release/20/4.avi": 0.899828314781189,
    "casia-fasd_train_release/20/2.avi": 0.7183569669723511,
    "casia-fasd_train_release/20/HR_3.avi": 0.9830875992774963,
    "casia-fasd_train_release/20/7.avi": 0.7968672513961792,
    "casia-fasd_train_release/20/HR_1.avi": 0.015700161457061768,
    "casia-fasd_train_release/20/3.avi": 0.766001284122467
}