{
    "devel": {
        "eer_point": 0.09306409130803167,
        "eer_th": 0.5883721313106811
    }
}