{
    "hkbuV2_attack/08/01_01_08.avi": 0.18172335624694824,
    "hkbuV2_attack/08/01_02_08.avi": 0.1363590955734253,
    "hkbuV2_attack/08/01_03_08.avi": 0.044335365295410156,
    "hkbuV2_attack/08/01_04_08.avi": 0.585680365562439,
    "hkbuV2_attack/08/01_05_08.avi": 0.8861277103424072,
    "hkbuV2_attack/08/01_06_08.avi": 0.18356800079345703,
    "hkbuV2_attack/08/02_01_08.avi": 0.008518099784851074,
    "hkbuV2_attack/08/02_02_08.avi": 0.0678219199180603,
    "hkbuV2_attack/08/02_03_08.avi": 0.01254814863204956,
    "hkbuV2_attack/08/02_04_08.avi": 0.2125212550163269,
    "hkbuV2_attack/08/02_05_08.avi": 0.055899977684020996,
    "hkbuV2_attack/08/02_06_08.avi": 0.05446964502334595,
    "hkbuV2_attack/08/03_01_08.avi": 0.27124905586242676,
    "hkbuV2_attack/08/03_02_08.avi": 0.04225301742553711,
    "hkbuV2_attack/08/03_03_08.avi": 0.014344334602355957,
    "hkbuV2_attack/08/03_04_08.avi": 0.235429584980011,
    "hkbuV2_attack/08/03_05_08.avi": 0.007832705974578857,
    "hkbuV2_attack/08/03_06_08.avi": 0.07631409168243408,
    "hkbuV2_attack/08/04_01_08.avi": 0.012938737869262695,
    "hkbuV2_attack/08/04_02_08.avi": 0.11873853206634521,
    "hkbuV2_attack/08/04_03_08.avi": 0.008860290050506592,
    "hkbuV2_attack/08/04_04_08.avi": 0.003098726272583008,
    "hkbuV2_attack/08/04_05_08.avi": 0.009548783302307129,
    "hkbuV2_attack/08/04_06_08.avi": 0.03533732891082764,
    "hkbuV2_attack/08/05_01_08.avi": 0.8506560921669006,
    "hkbuV2_attack/08/05_02_08.avi": 0.33847033977508545,
    "hkbuV2_attack/08/05_03_08.avi": 0.1654093861579895,
    "hkbuV2_attack/08/05_04_08.avi": 0.8567616939544678,
    "hkbuV2_attack/08/05_05_08.avi": 0.31629443168640137,
    "hkbuV2_attack/08/05_06_08.avi": 0.4003968834877014,
    "hkbuV2_attack/08/06_01_08.avi": 0.9133586287498474,
    "hkbuV2_attack/08/06_02_08.avi": 0.7382725477218628,
    "hkbuV2_attack/08/06_03_08.avi": 0.34539854526519775,
    "hkbuV2_attack/08/06_04_08.avi": 0.9545179009437561,
    "hkbuV2_attack/08/06_05_08.avi": 0.8957942128181458,
    "hkbuV2_attack/08/06_06_08.avi": 0.5483828783035278,
    "hkbuV2_attack/08/07_01_08.avi": 0.02055758237838745,
    "hkbuV2_attack/08/07_02_08.avi": 0.20904886722564697,
    "hkbuV2_attack/08/07_03_08.avi": 0.11451148986816406,
    "hkbuV2_attack/08/07_04_08.avi": 0.8411396741867065,
    "hkbuV2_attack/08/07_05_08.avi": 0.9305062294006348,
    "hkbuV2_attack/08/07_06_08.avi": 0.19501382112503052,
    "hkbuV2_attack/10/01_01_10.avi": 0.12610536813735962,
    "hkbuV2_attack/10/01_02_10.avi": 0.26078540086746216,
    "hkbuV2_attack/10/01_03_10.avi": 0.029364705085754395,
    "hkbuV2_attack/10/01_04_10.avi": 0.1488204002380371,
    "hkbuV2_attack/10/01_05_10.avi": 0.9526546001434326,
    "hkbuV2_attack/10/01_06_10.avi": 0.11303180456161499,
    "hkbuV2_attack/10/02_01_10.avi": 0.18137258291244507,
    "hkbuV2_attack/10/02_02_10.avi": 0.000980377197265625,
    "hkbuV2_attack/10/02_03_10.avi": 0.02666294574737549,
    "hkbuV2_attack/10/02_04_10.avi": 0.008316636085510254,
    "hkbuV2_attack/10/02_05_10.avi": 0.5818052887916565,
    "hkbuV2_attack/10/02_06_10.avi": 0.17403948307037354,
    "hkbuV2_attack/10/03_01_10.avi": 0.08910644054412842,
    "hkbuV2_attack/10/03_02_10.avi": 0.13945066928863525,
    "hkbuV2_attack/10/03_03_10.avi": 0.14910578727722168,
    "hkbuV2_attack/10/03_04_10.avi": 0.6077289581298828,
    "hkbuV2_attack/10/03_05_10.avi": 0.6079268455505371,
    "hkbuV2_attack/10/03_06_10.avi": 0.7375502586364746,
    "hkbuV2_attack/10/04_01_10.avi": 0.016037702560424805,
    "hkbuV2_attack/10/04_02_10.avi": 0.001949310302734375,
    "hkbuV2_attack/10/04_03_10.avi": 0.020605266094207764,
    "hkbuV2_attack/10/04_04_10.avi": 0.17707836627960205,
    "hkbuV2_attack/10/04_05_10.avi": 0.12345254421234131,
    "hkbuV2_attack/10/04_06_10.avi": 0.06309795379638672,
    "hkbuV2_attack/10/05_01_10.avi": 0.4865555763244629,
    "hkbuV2_attack/10/05_02_10.avi": 0.4553053379058838,
    "hkbuV2_attack/10/05_03_10.avi": 0.41789400577545166,
    "hkbuV2_attack/10/05_04_10.avi": 0.5114709734916687,
    "hkbuV2_attack/10/05_05_10.avi": 0.8175235986709595,
    "hkbuV2_attack/10/05_06_10.avi": 0.3094490170478821,
    "hkbuV2_attack/10/06_01_10.avi": 0.4217785596847534,
    "hkbuV2_attack/10/06_02_10.avi": 0.6731090545654297,
    "hkbuV2_attack/10/06_03_10.avi": 0.304182767868042,
    "hkbuV2_attack/10/06_04_10.avi": 0.7972227334976196,
    "hkbuV2_attack/10/06_05_10.avi": 0.9359634518623352,
    "hkbuV2_attack/10/06_06_10.avi": 0.7163583040237427,
    "hkbuV2_attack/10/07_01_10.avi": 0.6176269054412842,
    "hkbuV2_attack/10/07_02_10.avi": 0.06964081525802612,
    "hkbuV2_attack/10/07_03_10.avi": 0.16701632738113403,
    "hkbuV2_attack/10/07_04_10.avi": 0.11285507678985596,
    "hkbuV2_attack/10/07_05_10.avi": 0.7601854801177979,
    "hkbuV2_attack/10/07_06_10.avi": 0.6421998143196106,
    "hkbuV2_attack/09/01_01_9.avi": 0.23043298721313477,
    "hkbuV2_attack/09/01_02_9.avi": 0.3251258134841919,
    "hkbuV2_attack/09/01_03_9.avi": 0.18274223804473877,
    "hkbuV2_attack/09/01_04_9.avi": 0.35146594047546387,
    "hkbuV2_attack/09/01_05_9.avi": 0.7891588807106018,
    "hkbuV2_attack/09/01_06_9.avi": 0.122855544090271,
    "hkbuV2_attack/09/02_01_9.avi": 0.22696924209594727,
    "hkbuV2_attack/09/02_02_9.avi": 0.08664357662200928,
    "hkbuV2_attack/09/02_03_9.avi": 0.1032184362411499,
    "hkbuV2_attack/09/02_04_9.avi": 0.192022442817688,
    "hkbuV2_attack/09/02_05_9.avi": 0.4580826163291931,
    "hkbuV2_attack/09/02_06_9.avi": 0.30703431367874146,
    "hkbuV2_attack/09/03_01_9.avi": 0.0480726957321167,
    "hkbuV2_attack/09/03_02_9.avi": 0.019475340843200684,
    "hkbuV2_attack/09/03_03_9.avi": 0.15806806087493896,
    "hkbuV2_attack/09/03_04_9.avi": 0.5904048681259155,
    "hkbuV2_attack/09/03_05_9.avi": 0.3175702691078186,
    "hkbuV2_attack/09/03_06_9.avi": 0.2903367280960083,
    "hkbuV2_attack/09/04_01_9.avi": 0.022958219051361084,
    "hkbuV2_attack/09/04_02_9.avi": 0.0008310079574584961,
    "hkbuV2_attack/09/04_03_9.avi": 0.08555132150650024,
    "hkbuV2_attack/09/04_04_9.avi": 0.09031176567077637,
    "hkbuV2_attack/09/04_05_9.avi": 0.29959219694137573,
    "hkbuV2_attack/09/04_06_9.avi": 0.14422523975372314,
    "hkbuV2_attack/09/05_01_9.avi": 0.39803260564804077,
    "hkbuV2_attack/09/05_02_9.avi": 0.06038093566894531,
    "hkbuV2_attack/09/05_03_9.avi": 0.2647172212600708,
    "hkbuV2_attack/09/05_04_9.avi": 0.7120448350906372,
    "hkbuV2_attack/09/05_05_9.avi": 0.5371428728103638,
    "hkbuV2_attack/09/05_06_9.avi": 0.4379011392593384,
    "hkbuV2_attack/09/06_01_9.avi": 0.5924571752548218,
    "hkbuV2_attack/09/06_02_9.avi": 0.16245365142822266,
    "hkbuV2_attack/09/06_03_9.avi": 0.29649776220321655,
    "hkbuV2_attack/09/06_04_9.avi": 0.8093793392181396,
    "hkbuV2_attack/09/06_05_9.avi": 0.736470103263855,
    "hkbuV2_attack/09/06_06_9.avi": 0.7436214685440063,
    "hkbuV2_attack/09/07_01_9.avi": 0.14258623123168945,
    "hkbuV2_attack/09/07_02_9.avi": 0.002471029758453369,
    "hkbuV2_attack/09/07_03_9.avi": 0.19269180297851562,
    "hkbuV2_attack/09/07_04_9.avi": 0.14337748289108276,
    "hkbuV2_attack/09/07_05_9.avi": 0.8039284944534302,
    "hkbuV2_attack/09/07_06_9.avi": 0.4225248694419861,
    "hkbuV2_real/08/01_01_08.avi": 0.00826352834701538,
    "hkbuV2_real/08/01_02_08.avi": 0.01673191785812378,
    "hkbuV2_real/08/01_03_08.avi": 0.024689197540283203,
    "hkbuV2_real/08/01_04_08.avi": 0.008536875247955322,
    "hkbuV2_real/08/01_05_08.avi": 0.02560901641845703,
    "hkbuV2_real/08/01_06_08.avi": 0.05849045515060425,
    "hkbuV2_real/08/02_01_08.avi": 0.0006658434867858887,
    "hkbuV2_real/08/02_02_08.avi": 0.0035780668258666992,
    "hkbuV2_real/08/02_03_08.avi": 0.0037161707878112793,
    "hkbuV2_real/08/02_04_08.avi": 0.04132133722305298,
    "hkbuV2_real/08/02_05_08.avi": 0.0034027695655822754,
    "hkbuV2_real/08/02_06_08.avi": 0.004495441913604736,
    "hkbuV2_real/08/03_01_08.avi": 0.014583766460418701,