{
    "hkbu_s1/04_01_01.mp4": 0.02080678939819336,
    "hkbu_s1/04_01_02.mp4": 0.03258562088012695,
    "hkbu_s1/04_01_03.mp4": 0.025271475315093994,
    "hkbu_s1/04_01_04.mp4": 0.018418431282043457,
    "hkbu_s1/04_01_05.mp4": 0.00414884090423584,
    "hkbu_s1/05_01_01.mp4": 0.039346396923065186,
    "hkbu_s1/05_01_02.mp4": 0.019771099090576172,
    "hkbu_s1/05_01_03.mp4": 0.01795518398284912,
    "hkbu_s1/05_01_04.mp4": 0.015131354331970215,
    "hkbu_s1/05_01_05.mp4": 0.016625165939331055,
    "hkbu_s2/04_02_01.mp4": 0.009769618511199951,
    "hkbu_s2/04_02_02.mp4": 0.019026458263397217,
    "hkbu_s2/04_02_03.mp4": 0.013675153255462646,
    "hkbu_s2/04_02_04.mp4": 0.01187664270401001,
    "hkbu_s2/04_02_05.mp4": 0.014757156372070312,
    "hkbu_s2/05_02_01.mp4": 0.01579517126083374,
    "hkbu_s2/05_02_02.mp4": 0.010623574256896973,
    "hkbu_s2/05_02_03.mp4": 0.04577511548995972,
    "hkbu_s2/05_02_04.mp4": 0.015433967113494873,
    "hkbu_s2/05_02_05.mp4": 0.010507822036743164,
    "hkbu_s3/04_03_01.mp4": 0.6029734015464783,
    "hkbu_s3/04_03_02.mp4": 0.5803288817405701,
    "hkbu_s3/04_03_03.mp4": 0.47291433811187744,
    "hkbu_s3/04_03_04.mp4": 0.7097843885421753,
    "hkbu_s3/04_03_05.mp4": 0.6293835639953613,
    "hkbu_s3/05_03_01.mp4": 0.6938408613204956,
    "hkbu_s3/05_03_02.mp4": 0.5668705701828003,
    "hkbu_s3/05_03_03.mp4": 0.5484764575958252,
    "hkbu_s3/05_03_04.mp4": 0.5828972458839417,
    "hkbu_s3/05_03_05.mp4": 0.6443572044372559,
    "hkbu_s3/08_03_01.mp4": 0.07356125116348267,
    "hkbu_s3/08_03_02.mp4": 0.04633045196533203,
    "hkbu_s3/08_03_03.mp4": 0.09051859378814697,
    "hkbu_s3/08_03_04.mp4": 0.045060813426971436,
    "hkbu_s3/08_03_05.mp4": 0.035539090633392334
}