{
    "devel": {
        "eer_point": 0.08719195491214497,
        "eer_th": 0.5993048600932355
    }
}