{
    "hkbu_s1/06_01_01.mp4": 0.011156916618347168,
    "hkbu_s1/06_01_02.mp4": 0.0059021711349487305,
    "hkbu_s1/06_01_03.mp4": 0.004419386386871338,
    "hkbu_s1/06_01_04.mp4": 0.021040022373199463,
    "hkbu_s1/06_01_05.mp4": 0.008771657943725586,
    "hkbu_s1/07_01_01.mp4": 0.04809141159057617,
    "hkbu_s1/07_01_02.mp4": 0.033786654472351074,
    "hkbu_s1/07_01_03.mp4": 0.007976412773132324,
    "hkbu_s1/07_01_04.mp4": 0.016997039318084717,
    "hkbu_s1/07_01_05.mp4": 0.025526046752929688,
    "hkbu_s2/06_02_01.mp4": 0.004667341709136963,
    "hkbu_s2/06_02_02.mp4": 0.0066651105880737305,
    "hkbu_s2/06_02_03.mp4": 0.017805933952331543,
    "hkbu_s2/06_02_04.mp4": 0.01969766616821289,
    "hkbu_s2/06_02_05.mp4": 0.02766817808151245,
    "hkbu_s2/07_02_01.mp4": 0.011735081672668457,
    "hkbu_s2/07_02_02.mp4": 0.02052968740463257,
    "hkbu_s2/07_02_03.mp4": 0.023201048374176025,
    "hkbu_s2/07_02_04.mp4": 0.0049836039543151855,
    "hkbu_s2/07_02_05.mp4": 0.017637670040130615,
    "hkbu_s3/06_03_01.mp4": 0.06743216514587402,
    "hkbu_s3/06_03_02.mp4": 0.1411346197128296,
    "hkbu_s3/06_03_03.mp4": 0.09497565031051636,
    "hkbu_s3/06_03_04.mp4": 0.09891349077224731,
    "hkbu_s3/06_03_05.mp4": 0.17891889810562134,
    "hkbu_s3/07_03_01.mp4": 0.25295889377593994,
    "hkbu_s3/07_03_02.mp4": 0.16834628582000732,
    "hkbu_s3/07_03_03.mp4": 0.2994335889816284,
    "hkbu_s3/07_03_04.mp4": 0.13621163368225098,
    "hkbu_s3/07_03_05.mp4": 0.10169976949691772
}