{
    "threedmad_Data/14_01_05.avi": 0.3244786262512207,
    "threedmad_Data/17_01_03.avi": 0.09045487642288208,
    "threedmad_Data/15_01_04.avi": 0.3483380079269409,
    "threedmad_Data/13_02_05.avi": 0.169089674949646,
    "threedmad_Data/15_01_05.avi": 0.22155189514160156,
    "threedmad_Data/17_02_01.avi": 0.35619670152664185,
    "threedmad_Data/17_01_04.avi": 0.17415809631347656,
    "threedmad_Data/17_01_02.avi": 0.10192304849624634,
    "threedmad_Data/14_02_01.avi": 0.5237599611282349,
    "threedmad_Data/17_02_02.avi": 0.35129863023757935,
    "threedmad_Data/17_03_01.avi": 0.6338017582893372,
    "threedmad_Data/13_03_02.avi": 0.8250452280044556,
    "threedmad_Data/13_03_01.avi": 0.852700412273407,
    "threedmad_Data/15_03_02.avi": 0.7792721390724182,
    "threedmad_Data/17_01_01.avi": 0.11402302980422974,
    "threedmad_Data/14_03_04.avi": 0.5978339910507202,
    "threedmad_Data/16_03_05.avi": 0.550602912902832,
    "threedmad_Data/15_02_05.avi": 0.28145450353622437,
    "threedmad_Data/14_02_03.avi": 0.24140149354934692,
    "threedmad_Data/16_01_05.avi": 0.6053261756896973,
    "threedmad_Data/13_02_04.avi": 0.4101528525352478,
    "threedmad_Data/14_03_05.avi": 0.3266562223434448,
    "threedmad_Data/16_01_02.avi": 0.43710988759994507,
    "threedmad_Data/16_03_01.avi": 0.9423693418502808,
    "threedmad_Data/13_03_05.avi": 0.8930421471595764,
    "threedmad_Data/15_03_03.avi": 0.8128076195716858,
    "threedmad_Data/17_02_05.avi": 0.4393889307975769,
    "threedmad_Data/14_01_01.avi": 0.07867670059204102,
    "threedmad_Data/14_01_02.avi": 0.3311613202095032,
    "threedmad_Data/16_02_01.avi": 0.74210524559021,
    "threedmad_Data/13_02_01.avi": 0.21212857961654663,
    "threedmad_Data/13_01_02.avi": 0.18189245462417603,
    "threedmad_Data/15_03_05.avi": 0.6013885140419006,
    "threedmad_Data/15_01_03.avi": 0.4328222870826721,
    "threedmad_Data/17_03_02.avi": 0.6636593341827393,
    "threedmad_Data/14_02_05.avi": 0.3189336657524109,
    "threedmad_Data/16_01_03.avi": 0.4228391647338867,
    "threedmad_Data/14_02_04.avi": 0.2037326693534851,
    "threedmad_Data/15_01_01.avi": 0.19496780633926392,
    "threedmad_Data/16_01_01.avi": 0.5733803510665894,
    "threedmad_Data/13_03_03.avi": 0.9305715560913086,
    "threedmad_Data/16_03_04.avi": 0.9071094393730164,
    "threedmad_Data/14_01_04.avi": 0.14758527278900146,
    "threedmad_Data/17_01_05.avi": 0.17543143033981323,
    "threedmad_Data/16_02_05.avi": 0.6480093002319336,
    "threedmad_Data/13_02_03.avi": 0.7624863982200623,
    "threedmad_Data/15_02_01.avi": 0.271831750869751,
    "threedmad_Data/15_01_02.avi": 0.18256986141204834,
    "threedmad_Data/13_02_02.avi": 0.5230383276939392,
    "threedmad_Data/14_02_02.avi": 0.4058547616004944,
    "threedmad_Data/14_03_01.avi": 0.5993384718894958,
    "threedmad_Data/15_02_03.avi": 0.3926613926887512,
    "threedmad_Data/17_02_04.avi": 0.4842216968536377,
    "threedmad_Data/16_03_02.avi": 0.929609477519989,
    "threedmad_Data/17_03_03.avi": 0.5827053785324097,
    "threedmad_Data/14_01_03.avi": 0.26552045345306396,
    "threedmad_Data/13_01_03.avi": 0.1545141339302063,
    "threedmad_Data/17_03_05.avi": 0.6331081390380859,
    "threedmad_Data/16_02_03.avi": 0.7659912109375,
    "threedmad_Data/16_02_04.avi": 0.7372246980667114,
    "threedmad_Data/14_03_02.avi": 0.5652674436569214,
    "threedmad_Data/13_01_05.avi": 0.24784237146377563,
    "threedmad_Data/13_01_01.avi": 0.2839614748954773,
    "threedmad_Data/15_03_04.avi": 0.8090917468070984,
    "threedmad_Data/15_03_01.avi": 0.9037724137306213,
    "threedmad_Data/16_03_03.avi": 0.8969071507453918,
    "threedmad_Data/13_03_04.avi": 0.4547039866447449,
    "threedmad_Data/17_02_03.avi": 0.5446443557739258,
    "threedmad_Data/14_03_03.avi": 0.7273009419441223,
    "threedmad_Data/13_01_04.avi": 0.6933541297912598,
    "threedmad_Data/16_01_04.avi": 0.6021624207496643,
    "threedmad_Data/15_02_04.avi": 0.32979172468185425,
    "threedmad_Data/17_03_04.avi": 0.5923950672149658,
    "threedmad_Data/15_02_02.avi": 0.6752482056617737,
    "threedmad_Data/16_02_02.avi": 0.7758798599243164
}