{
    "devel": {
        "eer_point": 0.07701329163444252,
        "eer_th": 0.5316247940074509
    }
}