{
    "threedmad_Data/14_01_05.avi": 0.2249675989151001,
    "threedmad_Data/17_01_03.avi": 0.0425603985786438,
    "threedmad_Data/15_01_04.avi": 0.1272362470626831,
    "threedmad_Data/13_02_05.avi": 0.01619476079940796,
    "threedmad_Data/15_01_05.avi": 0.054314374923706055,
    "threedmad_Data/17_02_01.avi": 0.17448318004608154,
    "threedmad_Data/17_01_04.avi": 0.08232665061950684,
    "threedmad_Data/17_01_02.avi": 0.08271390199661255,
    "threedmad_Data/14_02_01.avi": 0.15139949321746826,
    "threedmad_Data/17_02_02.avi": 0.2740849256515503,
    "threedmad_Data/17_03_01.avi": 0.5314211845397949,
    "threedmad_Data/13_03_02.avi": 0.5951055884361267,
    "threedmad_Data/13_03_01.avi": 0.8444668650627136,
    "threedmad_Data/15_03_02.avi": 0.9206538796424866,
    "threedmad_Data/17_01_01.avi": 0.12054014205932617,
    "threedmad_Data/14_03_04.avi": 0.7482442855834961,
    "threedmad_Data/16_03_05.avi": 0.9466002583503723,
    "threedmad_Data/15_02_05.avi": 0.04323709011077881,
    "threedmad_Data/14_02_03.avi": 0.06484061479568481,
    "threedmad_Data/16_01_05.avi": 0.41357630491256714,
    "threedmad_Data/13_02_04.avi": 0.07399487495422363,
    "threedmad_Data/14_03_05.avi": 0.8995976448059082,
    "threedmad_Data/16_01_02.avi": 0.24907761812210083,
    "threedmad_Data/16_03_01.avi": 0.9362306594848633,
    "threedmad_Data/13_03_05.avi": 0.5064123868942261,
    "threedmad_Data/15_03_03.avi": 0.8794167637825012,
    "threedmad_Data/17_02_05.avi": 0.21074265241622925,
    "threedmad_Data/14_01_01.avi": 0.0209006667137146,
    "threedmad_Data/14_01_02.avi": 0.31649667024612427,
    "threedmad_Data/16_02_01.avi": 0.5255617499351501,
    "threedmad_Data/13_02_01.avi": 0.05970454216003418,
    "threedmad_Data/13_01_02.avi": 0.011675119400024414,
    "threedmad_Data/15_03_05.avi": 0.6680310368537903,
    "threedmad_Data/15_01_03.avi": 0.05619049072265625,
    "threedmad_Data/17_03_02.avi": 0.794241189956665,
    "threedmad_Data/14_02_05.avi": 0.11921119689941406,
    "threedmad_Data/16_01_03.avi": 0.3232201337814331,
    "threedmad_Data/14_02_04.avi": 0.07026678323745728,
    "threedmad_Data/15_01_01.avi": 0.02556908130645752,
    "threedmad_Data/16_01_01.avi": 0.231012225151062,
    "threedmad_Data/13_03_03.avi": 0.7785460948944092,
    "threedmad_Data/16_03_04.avi": 0.9450272917747498,
    "threedmad_Data/14_01_04.avi": 0.05702894926071167,
    "threedmad_Data/17_01_05.avi": 0.04739642143249512,
    "threedmad_Data/16_02_05.avi": 0.5864126086235046,
    "threedmad_Data/13_02_03.avi": 0.07167494297027588,
    "threedmad_Data/15_02_01.avi": 0.044812560081481934,
    "threedmad_Data/15_01_02.avi": 0.021948039531707764,
    "threedmad_Data/13_02_02.avi": 0.11796808242797852,
    "threedmad_Data/14_02_02.avi": 0.08437883853912354,
    "threedmad_Data/14_03_01.avi": 0.6729710102081299,
    "threedmad_Data/15_02_03.avi": 0.2613038420677185,
    "threedmad_Data/17_02_04.avi": 0.37630361318588257,
    "threedmad_Data/16_03_02.avi": 0.9704686403274536,
    "threedmad_Data/17_03_03.avi": 0.5692894458770752,
    "threedmad_Data/14_01_03.avi": 0.05691492557525635,
    "threedmad_Data/13_01_03.avi": 0.06894201040267944,
    "threedmad_Data/17_03_05.avi": 0.8213661313056946,
    "threedmad_Data/16_02_03.avi": 0.6588830947875977,
    "threedmad_Data/16_02_04.avi": 0.6601901054382324,
    "threedmad_Data/14_03_02.avi": 0.792980968952179,
    "threedmad_Data/13_01_05.avi": 0.18556183576583862,
    "threedmad_Data/13_01_01.avi": 0.055955588817596436,
    "threedmad_Data/15_03_04.avi": 0.7030677795410156,
    "threedmad_Data/15_03_01.avi": 0.8636897802352905,
    "threedmad_Data/16_03_03.avi": 0.9439891576766968,
    "threedmad_Data/13_03_04.avi": 0.4574754238128662,
    "threedmad_Data/17_02_03.avi": 0.2761079668998718,
    "threedmad_Data/14_03_03.avi": 0.8003457188606262,
    "threedmad_Data/13_01_04.avi": 0.457430362701416,
    "threedmad_Data/16_01_04.avi": 0.45127952098846436,
    "threedmad_Data/15_02_04.avi": 0.05670726299285889,
    "threedmad_Data/17_03_04.avi": 0.8167339563369751,
    "threedmad_Data/15_02_02.avi": 0.14586180448532104,
    "threedmad_Data/16_02_02.avi": 0.42894232273101807
}