{
    "devel": {
        "eer_point": 0.15873015873015883,
        "eer_th": 0.19608581066131595
    }
}