{
    "hkbuV2_attack/08/01_01_08.avi": 0.30115729570388794,
    "hkbuV2_attack/08/01_02_08.avi": 0.25378262996673584,
    "hkbuV2_attack/08/01_03_08.avi": 0.22593814134597778,
    "hkbuV2_attack/08/01_04_08.avi": 0.29988688230514526,
    "hkbuV2_attack/08/01_05_08.avi": 0.2723391652107239,
    "hkbuV2_attack/08/01_06_08.avi": 0.3927162289619446,
    "hkbuV2_attack/08/02_01_08.avi": 0.26803159713745117,
    "hkbuV2_attack/08/02_02_08.avi": 0.2081664800643921,
    "hkbuV2_attack/08/02_03_08.avi": 0.14676892757415771,
    "hkbuV2_attack/08/02_04_08.avi": 0.23152905702590942,
    "hkbuV2_attack/08/02_05_08.avi": 0.27916574478149414,
    "hkbuV2_attack/08/02_06_08.avi": 0.2746473550796509,
    "hkbuV2_attack/08/03_01_08.avi": 0.32290565967559814,
    "hkbuV2_attack/08/03_02_08.avi": 0.3292025923728943,
    "hkbuV2_attack/08/03_03_08.avi": 0.3479222059249878,
    "hkbuV2_attack/08/03_04_08.avi": 0.26689964532852173,
    "hkbuV2_attack/08/03_05_08.avi": 0.32801705598831177,
    "hkbuV2_attack/08/03_06_08.avi": 0.38829028606414795,
    "hkbuV2_attack/08/04_01_08.avi": 0.13115549087524414,
    "hkbuV2_attack/08/04_02_08.avi": 0.1918148398399353,
    "hkbuV2_attack/08/04_03_08.avi": 0.3411884903907776,
    "hkbuV2_attack/08/04_04_08.avi": 0.24360734224319458,
    "hkbuV2_attack/08/04_05_08.avi": 0.23847031593322754,
    "hkbuV2_attack/08/04_06_08.avi": 0.2592895030975342,
    "hkbuV2_attack/08/05_01_08.avi": 0.22223836183547974,
    "hkbuV2_attack/08/05_02_08.avi": 0.23083418607711792,
    "hkbuV2_attack/08/05_03_08.avi": 0.29798245429992676,
    "hkbuV2_attack/08/05_04_08.avi": 0.2651135325431824,
    "hkbuV2_attack/08/05_05_08.avi": 0.3059232831001282,
    "hkbuV2_attack/08/05_06_08.avi": 0.2703685164451599,
    "hkbuV2_attack/08/06_01_08.avi": 0.19692057371139526,
    "hkbuV2_attack/08/06_02_08.avi": 0.3131653666496277,
    "hkbuV2_attack/08/06_03_08.avi": 0.28214412927627563,
    "hkbuV2_attack/08/06_04_08.avi": 0.3079911470413208,
    "hkbuV2_attack/08/06_05_08.avi": 0.5065478086471558,
    "hkbuV2_attack/08/06_06_08.avi": 0.4059986472129822,
    "hkbuV2_attack/08/07_01_08.avi": 0.15144717693328857,
    "hkbuV2_attack/08/07_02_08.avi": 0.40121030807495117,
    "hkbuV2_attack/08/07_03_08.avi": 0.3536417484283447,
    "hkbuV2_attack/08/07_04_08.avi": 0.4351648688316345,
    "hkbuV2_attack/08/07_05_08.avi": 0.34085559844970703,
    "hkbuV2_attack/08/07_06_08.avi": 0.4262235760688782,
    "hkbuV2_attack/10/01_01_10.avi": 0.2362695336341858,
    "hkbuV2_attack/10/01_02_10.avi": 0.28322046995162964,
    "hkbuV2_attack/10/01_03_10.avi": 0.3157402276992798,
    "hkbuV2_attack/10/01_04_10.avi": 0.3924475908279419,
    "hkbuV2_attack/10/01_05_10.avi": 0.48588240146636963,
    "hkbuV2_attack/10/01_06_10.avi": 0.2648404836654663,
    "hkbuV2_attack/10/02_01_10.avi": 0.5123661756515503,
    "hkbuV2_attack/10/02_02_10.avi": 0.14784783124923706,
    "hkbuV2_attack/10/02_03_10.avi": 0.296669065952301,
    "hkbuV2_attack/10/02_04_10.avi": 0.16267073154449463,
    "hkbuV2_attack/10/02_05_10.avi": 0.23384076356887817,
    "hkbuV2_attack/10/02_06_10.avi": 0.3762401342391968,
    "hkbuV2_attack/10/03_01_10.avi": 0.29865485429763794,
    "hkbuV2_attack/10/03_02_10.avi": 0.39841538667678833,
    "hkbuV2_attack/10/03_03_10.avi": 0.2895793914794922,
    "hkbuV2_attack/10/03_04_10.avi": 0.33105581998825073,
    "hkbuV2_attack/10/03_05_10.avi": 0.5833418369293213,
    "hkbuV2_attack/10/03_06_10.avi": 0.4408636689186096,
    "hkbuV2_attack/10/04_01_10.avi": 0.18863952159881592,
    "hkbuV2_attack/10/04_02_10.avi": 0.267657995223999,
    "hkbuV2_attack/10/04_03_10.avi": 0.1630147099494934,
    "hkbuV2_attack/10/04_04_10.avi": 0.3107808232307434,
    "hkbuV2_attack/10/04_05_10.avi": 0.4325183629989624,
    "hkbuV2_attack/10/04_06_10.avi": 0.3874329924583435,
    "hkbuV2_attack/10/05_01_10.avi": 0.3249651789665222,
    "hkbuV2_attack/10/05_02_10.avi": 0.2574952244758606,
    "hkbuV2_attack/10/05_03_10.avi": 0.1636488437652588,
    "hkbuV2_attack/10/05_04_10.avi": 0.4447968006134033,
    "hkbuV2_attack/10/05_05_10.avi": 0.6119385361671448,
    "hkbuV2_attack/10/05_06_10.avi": 0.3127210736274719,
    "hkbuV2_attack/10/06_01_10.avi": 0.1862773895263672,
    "hkbuV2_attack/10/06_02_10.avi": 0.17738819122314453,
    "hkbuV2_attack/10/06_03_10.avi": 0.17021381855010986,
    "hkbuV2_attack/10/06_04_10.avi": 0.27036577463150024,
    "hkbuV2_attack/10/06_05_10.avi": 0.3295929431915283,
    "hkbuV2_attack/10/06_06_10.avi": 0.19399237632751465,
    "hkbuV2_attack/10/07_01_10.avi": 0.40617644786834717,
    "hkbuV2_attack/10/07_02_10.avi": 0.23146778345108032,
    "hkbuV2_attack/10/07_03_10.avi": 0.21702635288238525,
    "hkbuV2_attack/10/07_04_10.avi": 0.26906728744506836,
    "hkbuV2_attack/10/07_05_10.avi": 0.4859524369239807,
    "hkbuV2_attack/10/07_06_10.avi": 0.4173457622528076,
    "hkbuV2_attack/09/01_01_9.avi": 0.34627002477645874,
    "hkbuV2_attack/09/01_02_9.avi": 0.2554892301559448,
    "hkbuV2_attack/09/01_03_9.avi": 0.26974427700042725,
    "hkbuV2_attack/09/01_04_9.avi": 0.2674030661582947,
    "hkbuV2_attack/09/01_05_9.avi": 0.3477082848548889,
    "hkbuV2_attack/09/01_06_9.avi": 0.30907124280929565,
    "hkbuV2_attack/09/02_01_9.avi": 0.2532704472541809,
    "hkbuV2_attack/09/02_02_9.avi": 0.2184651494026184,
    "hkbuV2_attack/09/02_03_9.avi": 0.2823867201805115,
    "hkbuV2_attack/09/02_04_9.avi": 0.19488751888275146,
    "hkbuV2_attack/09/02_05_9.avi": 0.2471606731414795,
    "hkbuV2_attack/09/02_06_9.avi": 0.19482076168060303,
    "hkbuV2_attack/09/03_01_9.avi": 0.35274189710617065,
    "hkbuV2_attack/09/03_02_9.avi": 0.29604268074035645,
    "hkbuV2_attack/09/03_03_9.avi": 0.32231616973876953,
    "hkbuV2_attack/09/03_04_9.avi": 0.27561551332473755,
    "hkbuV2_attack/09/03_05_9.avi": 0.3481665253639221,
    "hkbuV2_attack/09/03_06_9.avi": 0.22542554140090942,
    "hkbuV2_attack/09/04_01_9.avi": 0.2318211793899536,
    "hkbuV2_attack/09/04_02_9.avi": 0.16288268566131592,
    "hkbuV2_attack/09/04_03_9.avi": 0.2366424798965454,
    "hkbuV2_attack/09/04_04_9.avi": 0.16201239824295044,
    "hkbuV2_attack/09/04_05_9.avi": 0.4849625825881958,
    "hkbuV2_attack/09/04_06_9.avi": 0.2681179642677307,
    "hkbuV2_attack/09/05_01_9.avi": 0.23312407732009888,
    "hkbuV2_attack/09/05_02_9.avi": 0.20020562410354614,
    "hkbuV2_attack/09/05_03_9.avi": 0.17512059211730957,
    "hkbuV2_attack/09/05_04_9.avi": 0.19741171598434448,
    "hkbuV2_attack/09/05_05_9.avi": 0.44370198249816895,
    "hkbuV2_attack/09/05_06_9.avi": 0.2514628767967224,
    "hkbuV2_attack/09/06_01_9.avi": 0.23037570714950562,
    "hkbuV2_attack/09/06_02_9.avi": 0.23876291513442993,
    "hkbuV2_attack/09/06_03_9.avi": 0.29180407524108887,
    "hkbuV2_attack/09/06_04_9.avi": 0.2466321587562561,
    "hkbuV2_attack/09/06_05_9.avi": 0.38405120372772217,
    "hkbuV2_attack/09/06_06_9.avi": 0.20963406562805176,
    "hkbuV2_attack/09/07_01_9.avi": 0.3774879574775696,
    "hkbuV2_attack/09/07_02_9.avi": 0.2533078193664551,
    "hkbuV2_attack/09/07_03_9.avi": 0.17378950119018555,
    "hkbuV2_attack/09/07_04_9.avi": 0.19540506601333618,
    "hkbuV2_attack/09/07_05_9.avi": 0.455175518989563,
    "hkbuV2_attack/09/07_06_9.avi": 0.25960928201675415,
    "hkbuV2_real/08/01_01_08.avi": 0.06901919841766357,
    "hkbuV2_real/08/01_02_08.avi": 0.07945823669433594,
    "hkbuV2_real/08/01_03_08.avi": 0.08508646488189697,
    "hkbuV2_real/08/01_04_08.avi": 0.09067922830581665,
    "hkbuV2_real/08/01_05_08.avi": 0.09609609842300415,
    "hkbuV2_real/08/01_06_08.avi": 0.15422117710113525,
    "hkbuV2_real/08/02_01_08.avi": 0.05377417802810669,
    "hkbuV2_real/08/02_02_08.avi": 0.05173683166503906,
    "hkbuV2_real/08/02_03_08.avi": 0.07795792818069458,
    "hkbuV2_real/08/02_04_08.avi": 0.05005842447280884,
    "hkbuV2_real/08/02_05_08.avi": 0.06703972816467285,
    "hkbuV2_real/08/02_06_08.avi": 0.19128811359405518,
    "hkbuV2_real/08/03_01_08.avi": 0.17348819971084595,
    "hkbuV2_real/08/03_02_08.avi": 0.22633260488510132,