{
    "casia-fasd_test_release/1/6.avi": 1.0,
    "casia-fasd_test_release/1/1.avi": 0.863450226332751,
    "casia-fasd_test_release/1/HR_4.avi": 1.0,
    "casia-fasd_test_release/1/HR_2.avi": 0.9345314498100162,
    "casia-fasd_test_release/1/5.avi": 0.9065882811599901,
    "casia-fasd_test_release/1/8.avi": 1.0,
    "casia-fasd_test_release/1/4.avi": 1.0,
    "casia-fasd_test_release/1/2.avi": 0.7953917280756925,
    "casia-fasd_test_release/1/HR_3.avi": 0.9873290216846815,
    "casia-fasd_test_release/1/7.avi": 1.0,
    "casia-fasd_test_release/1/HR_1.avi": 1.0,
    "casia-fasd_test_release/1/3.avi": 0.9482571459647691,
    "casia-fasd_test_release/10/6.avi": 0.9463517649907841,
    "casia-fasd_test_release/10/1.avi": 0.9163483894950496,
    "casia-fasd_test_release/10/HR_4.avi": 1.0,
    "casia-fasd_test_release/10/HR_2.avi": 0.7334420672505306,
    "casia-fasd_test_release/10/5.avi": 0.8793849665713341,
    "casia-fasd_test_release/10/8.avi": 1.0,
    "casia-fasd_test_release/10/4.avi": 1.0,
    "casia-fasd_test_release/10/2.avi": 1.0,
    "casia-fasd_test_release/10/HR_3.avi": 0.9504252999405551,
    "casia-fasd_test_release/10/7.avi": 1.0,
    "casia-fasd_test_release/10/HR_1.avi": 0.6337778916491134,
    "casia-fasd_test_release/10/3.avi": 1.0,
    "casia-fasd_test_release/11/6.avi": 1.0,
    "casia-fasd_test_release/11/1.avi": 0.9202689137873413,
    "casia-fasd_test_release/11/HR_4.avi": 1.0,
    "casia-fasd_test_release/11/HR_2.avi": 0.8916476928178784,
    "casia-fasd_test_release/11/5.avi": 0.8831425607754889,
    "casia-fasd_test_release/11/8.avi": 1.0,
    "casia-fasd_test_release/11/4.avi": 1.0,
    "casia-fasd_test_release/11/2.avi": 0.8923360981546095,
    "casia-fasd_test_release/11/HR_3.avi": 0.7730481198119797,
    "casia-fasd_test_release/11/7.avi": 1.0,
    "casia-fasd_test_release/11/HR_1.avi": 0.7259045335790414,
    "casia-fasd_test_release/11/3.avi": 0.9361632352668643,
    "casia-fasd_test_release/12/6.avi": 1.0,
    "casia-fasd_test_release/12/1.avi": 0.8120268551073698,
    "casia-fasd_test_release/12/HR_4.avi": 1.0,
    "casia-fasd_test_release/12/HR_2.avi": 0.8229891151054755,
    "casia-fasd_test_release/12/5.avi": 0.9201123905904868,
    "casia-fasd_test_release/12/8.avi": 0.9855528988681757,
    "casia-fasd_test_release/12/4.avi": 1.0,
    "casia-fasd_test_release/12/2.avi": 0.8558927965665154,
    "casia-fasd_test_release/12/HR_3.avi": 0.8291634750015698,
    "casia-fasd_test_release/12/7.avi": 1.0,
    "casia-fasd_test_release/12/HR_1.avi": 0.8641683924495416,
    "casia-fasd_test_release/12/3.avi": 0.8833718716327082,
    "casia-fasd_test_release/13/6.avi": 1.0,
    "casia-fasd_test_release/13/1.avi": 1.0,
    "casia-fasd_test_release/13/HR_4.avi": 1.0,
    "casia-fasd_test_release/13/HR_2.avi": 0.8490751090178633,
    "casia-fasd_test_release/13/5.avi": 0.9733500399428205,
    "casia-fasd_test_release/13/8.avi": 1.0,
    "casia-fasd_test_release/13/4.avi": 1.0,
    "casia-fasd_test_release/13/2.avi": 1.0,
    "casia-fasd_test_release/13/HR_3.avi": 0.9785318217637236,
    "casia-fasd_test_release/13/7.avi": 1.0,
    "casia-fasd_test_release/13/HR_1.avi": 0.9160309250396232,
    "casia-fasd_test_release/13/3.avi": 0.9987533389975439,
    "casia-fasd_test_release/14/6.avi": 1.0,
    "casia-fasd_test_release/14/1.avi": 0.8599550744139229,
    "casia-fasd_test_release/14/HR_4.avi": 1.0,
    "casia-fasd_test_release/14/HR_2.avi": 1.0,
    "casia-fasd_test_release/14/5.avi": 0.8391511999939256,
    "casia-fasd_test_release/14/8.avi": 0.9390378393242601,
    "casia-fasd_test_release/14/4.avi": 1.0,
    "casia-fasd_test_release/14/2.avi": 0.9652335441932994,
    "casia-fasd_test_release/14/HR_3.avi": 0.8577740066977778,
    "casia-fasd_test_release/14/7.avi": 1.0,
    "casia-fasd_test_release/14/HR_1.avi": 0.8522536749151528,
    "casia-fasd_test_release/14/3.avi": 0.9153888393465373,
    "casia-fasd_test_release/15/6.avi": 1.0,
    "casia-fasd_test_release/15/1.avi": 1.0,
    "casia-fasd_test_release/15/HR_4.avi": 1.0,
    "casia-fasd_test_release/15/HR_2.avi": 0.857688613783159,
    "casia-fasd_test_release/15/5.avi": 0.8658345017482262,
    "casia-fasd_test_release/15/8.avi": 1.0,
    "casia-fasd_test_release/15/4.avi": 1.0,
    "casia-fasd_test_release/15/2.avi": 0.8090606624794444,
    "casia-fasd_test_release/15/HR_3.avi": 0.8333018920683027,
    "casia-fasd_test_release/15/7.avi": 1.0,
    "casia-fasd_test_release/15/HR_1.avi": 0.8962621383659242,
    "casia-fasd_test_release/15/3.avi": 1.0,
    "casia-fasd_test_release/16/6.avi": 1.0,
    "casia-fasd_test_release/16/1.avi": 0.7804559486505176,
    "casia-fasd_test_release/16/HR_4.avi": 0.9985739707244861,
    "casia-fasd_test_release/16/HR_2.avi": 0.9397165648694664,
    "casia-fasd_test_release/16/5.avi": 0.8654247929996894,
    "casia-fasd_test_release/16/8.avi": 0.9567898768128306,
    "casia-fasd_test_release/16/4.avi": 1.0,
    "casia-fasd_test_release/16/2.avi": 1.0,
    "casia-fasd_test_release/16/HR_3.avi": 0.88151513337294,
    "casia-fasd_test_release/16/7.avi": 0.9455226427448228,
    "casia-fasd_test_release/16/HR_1.avi": 0.7429519331239393,
    "casia-fasd_test_release/16/3.avi": 0.8931004728420393,
    "casia-fasd_test_release/17/6.avi": 1.0,
    "casia-fasd_test_release/17/1.avi": 0.9325046708841948,
    "casia-fasd_test_release/17/HR_4.avi": 1.0,
    "casia-fasd_test_release/17/HR_2.avi": 0.8230429375738675,
    "casia-fasd_test_release/17/5.avi": 0.8930048472376825,
    "casia-fasd_test_release/17/8.avi": 1.0,
    "casia-fasd_test_release/17/4.avi": 1.0,
    "casia-fasd_test_release/17/2.avi": 0.9212547680483469,
    "casia-fasd_test_release/17/HR_3.avi": 0.8539433692053228,
    "casia-fasd_test_release/17/7.avi": 1.0,
    "casia-fasd_test_release/17/HR_1.avi": 0.7023490454852594,
    "casia-fasd_test_release/17/3.avi": 1.0,
    "casia-fasd_test_release/18/6.avi": 1.0,
    "casia-fasd_test_release/18/1.avi": 1.0,
    "casia-fasd_test_release/18/HR_4.avi": 1.0,
    "casia-fasd_test_release/18/HR_2.avi": 0.9223732181665695,
    "casia-fasd_test_release/18/5.avi": 1.0,
    "casia-fasd_test_release/18/8.avi": 1.0,
    "casia-fasd_test_release/18/4.avi": 1.0,
    "casia-fasd_test_release/18/2.avi": 0.9161192732858133,
    "casia-fasd_test_release/18/HR_3.avi": 0.9243609296807292,
    "casia-fasd_test_release/18/7.avi": 1.0,
    "casia-fasd_test_release/18/HR_1.avi": 0.9818139569755622,
    "casia-fasd_test_release/18/3.avi": 1.0,
    "casia-fasd_test_release/19/6.avi": 1.0,
    "casia-fasd_test_release/19/1.avi": 1.0,
    "casia-fasd_test_release/19/HR_4.avi": 1.0,
    "casia-fasd_test_release/19/HR_2.avi": 0.879364898391222,
    "casia-fasd_test_release/19/5.avi": 0.8333280590206341,
    "casia-fasd_test_release/19/8.avi": 1.0,
    "casia-fasd_test_release/19/4.avi": 1.0,
    "casia-fasd_test_release/19/2.avi": 0.8932662481271539,
    "casia-fasd_test_release/19/HR_3.avi": 0.8861114633996258,
    "casia-fasd_test_release/19/7.avi": 1.0,
    "casia-fasd_test_release/19/HR_1.avi": 0.880974726679239,
    "casia-fasd_test_release/19/3.avi": 1.0,
    "casia-fasd_test_release/2/6.avi": 0.7519528257651872,
    "casia-fasd_test_release/2/1.avi": 0.9661586900741111,
    "casia-fasd_test_release/2/HR_4.avi": 0.9980819934220136,
    "casia-fasd_test_release/2/HR_2.avi": 0.8989576406308742,
    "casia-fasd_test_release/2/5.avi": 0.8747420510595515,
    "casia-fasd_test_release/2/8.avi": 0.9999528816758474,
    "casia-fasd_test_release/2/4.avi": 0.9221268280094352,
    "casia-fasd_test_release/2/2.avi": 0.7428628266316739,
    "casia-fasd_test_release/2/HR_3.avi": 0.8435431424663058,
    "casia-fasd_test_release/2/7.avi": 1.0,
    "casia-fasd_test_release/2/HR_1.avi": 0.5397880143613708,
    "casia-fasd_test_release/2/3.avi": 0.9445348558985008,
    "casia-fasd_test_release/20/6.avi": 1.0,
    "casia-fasd_test_release/20/1.avi": 0.9913702873689431,
    "casia-fasd_test_release/20/HR_4.avi": 1.0,
    "casia-fasd_test_release/20/HR_2.avi": 0.8123924822814242,