{
    "hkbu_s1/06_01_01.mp4": 0.7601967657046799,
    "hkbu_s1/06_01_02.mp4": 0.7651354759527428,
    "hkbu_s1/06_01_03.mp4": 0.7385703896732413,
    "hkbu_s1/06_01_04.mp4": 0.7382191287205982,
    "hkbu_s1/06_01_05.mp4": 0.8002468334058616,
    "hkbu_s1/07_01_01.mp4": 0.809022924811741,
    "hkbu_s1/07_01_02.mp4": 0.8147293754058538,
    "hkbu_s1/07_01_03.mp4": 0.7270658418053143,
    "hkbu_s1/07_01_04.mp4": 0.7635163377769246,
    "hkbu_s1/07_01_05.mp4": 0.7303784727033001,
    "hkbu_s2/06_02_01.mp4": 0.8391689519299709,
    "hkbu_s2/06_02_02.mp4": 0.7844786653384236,
    "hkbu_s2/06_02_03.mp4": 0.8760911698459584,
    "hkbu_s2/06_02_04.mp4": 0.8019077354708894,
    "hkbu_s2/06_02_05.mp4": 0.7614347147512159,
    "hkbu_s2/07_02_01.mp4": 0.8298869097685655,
    "hkbu_s2/07_02_02.mp4": 0.7577385600530868,
    "hkbu_s2/07_02_03.mp4": 0.8016678138938588,
    "hkbu_s2/07_02_04.mp4": 0.7871355667040056,
    "hkbu_s2/07_02_05.mp4": 0.8090197719583023,
    "hkbu_s3/06_03_01.mp4": 0.8219404560542114,
    "hkbu_s3/06_03_02.mp4": 0.8459608413071177,
    "hkbu_s3/06_03_03.mp4": 0.7904980976451044,
    "hkbu_s3/06_03_04.mp4": 0.7994348037315001,
    "hkbu_s3/06_03_05.mp4": 0.8343552167325393,
    "hkbu_s3/07_03_01.mp4": 0.809500761976588,
    "hkbu_s3/07_03_02.mp4": 0.726396362159235,
    "hkbu_s3/07_03_03.mp4": 0.6982578481001184,
    "hkbu_s3/07_03_04.mp4": 0.7619259910114217,
    "hkbu_s3/07_03_05.mp4": 0.7008213221382587
}