{
    "hkbuV2_attack/11/01_01_11.avi": 0.598936527801195,
    "hkbuV2_attack/11/01_02_11.avi": 0.7711774525183186,
    "hkbuV2_attack/11/01_03_11.avi": 0.27748331515590613,
    "hkbuV2_attack/11/01_04_11.avi": 0.3222866746476937,
    "hkbuV2_attack/11/01_05_11.avi": 0.5742931418117209,
    "hkbuV2_attack/11/01_06_11.avi": 0.16185349360263554,
    "hkbuV2_attack/11/02_01_11.avi": 0.3943037296459552,
    "hkbuV2_attack/11/02_02_11.avi": 0.4630786840278211,
    "hkbuV2_attack/11/02_03_11.avi": 0.2005796646822788,
    "hkbuV2_attack/11/02_04_11.avi": 0.5866471103675139,
    "hkbuV2_attack/11/02_05_11.avi": 0.4189976347183883,
    "hkbuV2_attack/11/02_06_11.avi": 0.0,
    "hkbuV2_attack/11/03_01_11.avi": 1.0,
    "hkbuV2_attack/11/03_02_11.avi": 1.0,
    "hkbuV2_attack/11/03_03_11.avi": 1.0,
    "hkbuV2_attack/11/03_04_11.avi": 1.0,
    "hkbuV2_attack/11/03_05_11.avi": 1.0,
    "hkbuV2_attack/11/03_06_11.avi": 1.0,
    "hkbuV2_attack/11/04_01_11.avi": 0.14746810888300713,
    "hkbuV2_attack/11/04_02_11.avi": 0.5165635322116234,
    "hkbuV2_attack/11/04_03_11.avi": 0.11733960047746901,
    "hkbuV2_attack/11/04_04_11.avi": 0.28940137133737365,
    "hkbuV2_attack/11/04_05_11.avi": 0.5473916908301489,
    "hkbuV2_attack/11/04_06_11.avi": 0.11003442245439299,
    "hkbuV2_attack/11/05_01_11.avi": 0.9332292807356733,
    "hkbuV2_attack/11/05_02_11.avi": 0.7804499558346795,
    "hkbuV2_attack/11/05_03_11.avi": 0.705878514201817,
    "hkbuV2_attack/11/05_04_11.avi": 0.6213390672565814,
    "hkbuV2_attack/11/05_05_11.avi": 0.6315938221435546,
    "hkbuV2_attack/11/05_06_11.avi": 0.8536060332965788,
    "hkbuV2_attack/11/06_01_11.avi": 0.0,
    "hkbuV2_attack/11/06_02_11.avi": 0.5106321153298824,
    "hkbuV2_attack/11/06_03_11.avi": 0.01473099337460145,
    "hkbuV2_attack/11/06_04_11.avi": 0.0,
    "hkbuV2_attack/11/06_05_11.avi": 0.700132343469395,
    "hkbuV2_attack/11/06_06_11.avi": 0.0,
    "hkbuV2_attack/11/07_01_11.avi": 1.0,
    "hkbuV2_attack/11/07_02_11.avi": 1.0,
    "hkbuV2_attack/11/07_03_11.avi": 0.10181621649210193,
    "hkbuV2_attack/11/07_04_11.avi": 0.5437873257764696,
    "hkbuV2_attack/11/07_05_11.avi": 0.8759680054166049,
    "hkbuV2_attack/11/07_06_11.avi": 0.3912111476255522,
    "hkbuV2_attack/12/01_01_12.avi": 0.6248481577673425,
    "hkbuV2_attack/12/01_02_12.avi": 0.7644820297411226,
    "hkbuV2_attack/12/01_03_12.avi": 0.3291817153394642,
    "hkbuV2_attack/12/01_04_12.avi": 0.33083644951979446,
    "hkbuV2_attack/12/01_05_12.avi": 0.5887854326322599,
    "hkbuV2_attack/12/01_06_12.avi": 0.2612457735509362,
    "hkbuV2_attack/12/02_01_12.avi": 0.5189029740912541,
    "hkbuV2_attack/12/02_02_12.avi": 0.4785347608832271,
    "hkbuV2_attack/12/02_03_12.avi": 0.2328266246267052,
    "hkbuV2_attack/12/02_04_12.avi": 0.5600001592505349,
    "hkbuV2_attack/12/02_05_12.avi": 0.49052962769731545,
    "hkbuV2_attack/12/02_06_12.avi": 0.0,
    "hkbuV2_attack/12/03_01_12.avi": 1.0,
    "hkbuV2_attack/12/03_02_12.avi": 1.0,
    "hkbuV2_attack/12/03_03_12.avi": 1.0,
    "hkbuV2_attack/12/03_04_12.avi": 1.0,
    "hkbuV2_attack/12/03_05_12.avi": 1.0,
    "hkbuV2_attack/12/03_06_12.avi": 1.0,
    "hkbuV2_attack/12/04_01_12.avi": 0.2734512744737982,
    "hkbuV2_attack/12/04_02_12.avi": 0.3516144606873018,
    "hkbuV2_attack/12/04_03_12.avi": 0.4190500545925026,
    "hkbuV2_attack/12/04_04_12.avi": 0.23025824553928043,
    "hkbuV2_attack/12/04_05_12.avi": 0.43565402182739427,
    "hkbuV2_attack/12/04_06_12.avi": 0.2382594356826615,
    "hkbuV2_attack/12/05_01_12.avi": 0.5652392244396317,
    "hkbuV2_attack/12/05_02_12.avi": 0.7741484447063939,
    "hkbuV2_attack/12/05_03_12.avi": 0.7900147031423771,
    "hkbuV2_attack/12/05_04_12.avi": 0.6172088302349208,
    "hkbuV2_attack/12/05_05_12.avi": 0.8096320186750333,
    "hkbuV2_attack/12/05_06_12.avi": 0.6292084906514619,
    "hkbuV2_attack/12/06_01_12.avi": 0.0,
    "hkbuV2_attack/12/06_02_12.avi": 0.0,
    "hkbuV2_attack/12/06_03_12.avi": 0.0,
    "hkbuV2_attack/12/06_04_12.avi": 0.0,
    "hkbuV2_attack/12/06_05_12.avi": 0.46090888168935323,
    "hkbuV2_attack/12/06_06_12.avi": 0.0,
    "hkbuV2_attack/12/07_01_12.avi": 1.0,
    "hkbuV2_attack/12/07_02_12.avi": 1.0,
    "hkbuV2_attack/12/07_03_12.avi": 0.056884116198509416,
    "hkbuV2_attack/12/07_04_12.avi": 0.45737745325662377,
    "hkbuV2_attack/12/07_05_12.avi": 1.0,
    "hkbuV2_attack/12/07_06_12.avi": 0.3648482027923496,
    "hkbuV2_real/11/01_01_11.avi": 0.3395890251830376,
    "hkbuV2_real/11/01_02_11.avi": 0.8470946644371421,
    "hkbuV2_real/11/01_03_11.avi": 0.47161790208741006,
    "hkbuV2_real/11/01_04_11.avi": 0.42934038934847335,
    "hkbuV2_real/11/01_05_11.avi": 0.39986888541602195,
    "hkbuV2_real/11/01_06_11.avi": 0.021696050431190644,
    "hkbuV2_real/11/02_01_11.avi": 0.0,
    "hkbuV2_real/11/02_02_11.avi": 0.0,
    "hkbuV2_real/11/02_03_11.avi": 0.0,
    "hkbuV2_real/11/02_04_11.avi": 0.0,
    "hkbuV2_real/11/02_05_11.avi": 0.0,
    "hkbuV2_real/11/02_06_11.avi": 0.0,
    "hkbuV2_real/11/03_01_11.avi": 1.0,
    "hkbuV2_real/11/03_02_11.avi": 1.0,
    "hkbuV2_real/11/03_03_11.avi": 1.0,
    "hkbuV2_real/11/03_04_11.avi": 1.0,
    "hkbuV2_real/11/03_05_11.avi": 1.0,
    "hkbuV2_real/11/03_06_11.avi": 0.830961012520102,
    "hkbuV2_real/11/04_01_11.avi": 0.2371419995238565,
    "hkbuV2_real/11/04_02_11.avi": 0.04675573635953693,
    "hkbuV2_real/11/04_03_11.avi": 0.0,
    "hkbuV2_real/11/04_04_11.avi": 0.06440883302632201,
    "hkbuV2_real/11/04_05_11.avi": 0.17779318802596134,
    "hkbuV2_real/11/04_06_11.avi": 0.0,
    "hkbuV2_real/11/05_01_11.avi": 0.4371401204051941,
    "hkbuV2_real/11/05_02_11.avi": 0.3124492495775059,
    "hkbuV2_real/11/05_03_11.avi": 0.22274441774302778,
    "hkbuV2_real/11/05_04_11.avi": 0.46883849468166106,
    "hkbuV2_real/11/05_05_11.avi": 0.24081914266990745,
    "hkbuV2_real/11/05_06_11.avi": 0.0,
    "hkbuV2_real/11/06_01_11.avi": 0.2267517918396439,
    "hkbuV2_real/11/06_02_11.avi": 0.0,
    "hkbuV2_real/11/06_03_11.avi": 0.0,
    "hkbuV2_real/11/06_04_11.avi": 0.0,
    "hkbuV2_real/11/06_05_11.avi": 0.0,
    "hkbuV2_real/11/06_06_11.avi": 0.0,
    "hkbuV2_real/11/07_01_11.avi": 0.8741169031531758,
    "hkbuV2_real/11/07_02_11.avi": 1.0,
    "hkbuV2_real/11/07_03_11.avi": 0.0,
    "hkbuV2_real/11/07_04_11.avi": 0.1875284969488147,
    "hkbuV2_real/11/07_05_11.avi": 0.44944136654267924,
    "hkbuV2_real/11/07_06_11.avi": 0.0,
    "hkbuV2_real/12/01_01_12.avi": 0.46732411426437054,
    "hkbuV2_real/12/01_02_12.avi": 1.0,
    "hkbuV2_real/12/01_03_12.avi": 0.9128393763650294,
    "hkbuV2_real/12/01_04_12.avi": 0.5402952154057672,
    "hkbuV2_real/12/01_05_12.avi": 0.8077082648218549,
    "hkbuV2_real/12/01_06_12.avi": 1.0,
    "hkbuV2_real/12/02_01_12.avi": 0.006419879600448726,
    "hkbuV2_real/12/02_02_12.avi": 0.0,
    "hkbuV2_real/12/02_03_12.avi": 0.0,
    "hkbuV2_real/12/02_04_12.avi": 0.0,
    "hkbuV2_real/12/02_05_12.avi": 0.0,
    "hkbuV2_real/12/02_06_12.avi": 0.11461286752045585,
    "hkbuV2_real/12/03_01_12.avi": 1.0,
    "hkbuV2_real/12/03_02_12.avi": 1.0,
    "hkbuV2_real/12/03_03_12.avi": 0.8838743424928857,
    "hkbuV2_real/12/03_04_12.avi": 1.0,
    "hkbuV2_real/12/03_05_12.avi": 0.862636328074094,
    "hkbuV2_real/12/03_06_12.avi": 0.9847277547917338,
    "hkbuV2_real/12/04_01_12.avi": 0.3882063151393189,
    "hkbuV2_real/12/04_02_12.avi": 0.1630549541448477,
    "hkbuV2_real/12/04_03_12.avi": 0.0,
    "hkbuV2_real/12/04_04_12.avi": 0.010711638193395526,
    "hkbuV2_real/12/04_05_12.avi": 0.011499506632602166,
    "hkbuV2_real/12/04_06_12.avi": 0.08051752639957188,
    "hkbuV2_real/12/05_01_12.avi": 0.31209318196141883,
    "hkbuV2_real/12/05_02_12.avi": 0.35280156497465676,
    "hkbuV2_real/12/05_03_12.avi": 0.3058588548698296,
    "hkbuV2_real/12/05_04_12.avi": 0.3411200189102191,
    "hkbuV2_real/12/05_05_12.avi": 0.26969049196810346,
    "hkbuV2_real/12/05_06_12.avi": 0.4914127577964473,
    "hkbuV2_real/12/06_01_12.avi": 0.010254300666220573,