{
    "hkbu_s1/04_01_01.mp4": 0.5581890355787613,
    "hkbu_s1/04_01_02.mp4": 0.6123061311796302,
    "hkbu_s1/04_01_03.mp4": 0.6404882101731658,
    "hkbu_s1/04_01_04.mp4": 0.5877244650774448,
    "hkbu_s1/04_01_05.mp4": 0.47948186623533046,
    "hkbu_s1/05_01_01.mp4": 0.7391978218685509,
    "hkbu_s1/05_01_02.mp4": 0.6847207895039001,
    "hkbu_s1/05_01_03.mp4": 0.6397529684673856,
    "hkbu_s1/05_01_04.mp4": 0.6604252666101299,
    "hkbu_s1/05_01_05.mp4": 0.6726666498598495,
    "hkbu_s2/04_02_01.mp4": 0.6217776983695401,
    "hkbu_s2/04_02_02.mp4": 0.5695307656952641,
    "hkbu_s2/04_02_03.mp4": 0.5652106128495126,
    "hkbu_s2/04_02_04.mp4": 0.6037349186773776,
    "hkbu_s2/04_02_05.mp4": 0.6233508198234653,
    "hkbu_s2/05_02_01.mp4": 0.8142446647153007,
    "hkbu_s2/05_02_02.mp4": 0.6490313115776846,
    "hkbu_s2/05_02_03.mp4": 0.7173036656094004,
    "hkbu_s2/05_02_04.mp4": 0.7862599537917575,
    "hkbu_s2/05_02_05.mp4": 0.8378404269313711,
    "hkbu_s3/04_03_01.mp4": 0.7712747617452359,
    "hkbu_s3/04_03_02.mp4": 0.7940666331229592,
    "hkbu_s3/04_03_03.mp4": 0.8103760200036835,
    "hkbu_s3/04_03_04.mp4": 0.818427313499673,
    "hkbu_s3/04_03_05.mp4": 0.7800587144096136,
    "hkbu_s3/05_03_01.mp4": 0.8533385561184419,
    "hkbu_s3/05_03_02.mp4": 0.9256047446067027,
    "hkbu_s3/05_03_03.mp4": 0.901246964045014,
    "hkbu_s3/05_03_04.mp4": 0.8628269147606652,
    "hkbu_s3/05_03_05.mp4": 0.8771941888717384,
    "hkbu_s3/08_03_01.mp4": 0.7014533499863331,
    "hkbu_s3/08_03_02.mp4": 0.7046470337900029,
    "hkbu_s3/08_03_03.mp4": 0.691288837989717,
    "hkbu_s3/08_03_04.mp4": 0.6931028042438108,
    "hkbu_s3/08_03_05.mp4": 0.6908694368325983
}