{
    "threedmad_Data/11_02_02.avi": 0.27355683236405626,
    "threedmad_Data/08_01_03.avi": 0.49599411275929794,
    "threedmad_Data/12_01_02.avi": 0.4408606796952201,
    "threedmad_Data/09_01_05.avi": 0.580079184393074,
    "threedmad_Data/09_01_04.avi": 0.4911615531130526,
    "threedmad_Data/12_01_05.avi": 0.4427052706537656,
    "threedmad_Data/12_02_02.avi": 0.47366700975279397,
    "threedmad_Data/09_03_04.avi": 0.7491890746501945,
    "threedmad_Data/10_01_02.avi": 0.5521215675628052,
    "threedmad_Data/10_02_03.avi": 0.5281617730208231,
    "threedmad_Data/12_03_03.avi": 0.7371721271870095,
    "threedmad_Data/08_01_02.avi": 0.409853472032987,
    "threedmad_Data/10_02_04.avi": 0.4823184993749223,
    "threedmad_Data/10_02_02.avi": 0.4455509890870786,
    "threedmad_Data/08_02_01.avi": 0.474516123235319,
    "threedmad_Data/09_03_02.avi": 0.7208353148757921,
    "threedmad_Data/09_02_03.avi": 0.5661995466844939,
    "threedmad_Data/12_03_02.avi": 0.7278931640768249,
    "threedmad_Data/12_01_04.avi": 0.46560155832718114,
    "threedmad_Data/08_03_04.avi": 0.6964070082732278,
    "threedmad_Data/10_01_05.avi": 0.519991827695568,
    "threedmad_Data/10_03_01.avi": 0.6601489562569608,
    "threedmad_Data/11_03_03.avi": 0.7106307885318622,
    "threedmad_Data/11_01_01.avi": 0.32746473823851074,
    "threedmad_Data/10_02_01.avi": 0.5066957612474127,
    "threedmad_Data/12_02_03.avi": 0.44581103642946535,
    "threedmad_Data/12_03_01.avi": 0.7239018005113831,
    "threedmad_Data/11_01_04.avi": 0.2842610698217047,
    "threedmad_Data/11_03_05.avi": 0.7135384451775376,
    "threedmad_Data/08_01_04.avi": 0.4843615134445445,
    "threedmad_Data/10_02_05.avi": 0.5599148904228763,
    "threedmad_Data/09_03_03.avi": 0.7408383620464513,
    "threedmad_Data/11_01_03.avi": 0.293273974380747,
    "threedmad_Data/09_01_01.avi": 0.4896686052564531,
    "threedmad_Data/10_01_04.avi": 0.519825485165966,
    "threedmad_Data/11_02_05.avi": 0.2064043743755245,
    "threedmad_Data/11_02_01.avi": 0.29939198317175725,
    "threedmad_Data/09_01_03.avi": 0.5548191719261463,
    "threedmad_Data/08_02_02.avi": 0.4283248752679103,
    "threedmad_Data/09_03_05.avi": 0.7703872245611642,
    "threedmad_Data/10_03_05.avi": 0.7217943353411358,
    "threedmad_Data/08_02_03.avi": 0.5092232129188196,
    "threedmad_Data/09_02_04.avi": 0.5466281095251501,
    "threedmad_Data/11_03_02.avi": 0.7043814571653538,
    "threedmad_Data/11_02_04.avi": 0.2798593275831966,
    "threedmad_Data/08_03_02.avi": 0.7191972501552689,
    "threedmad_Data/12_01_03.avi": 0.43137708031008787,
    "threedmad_Data/12_02_01.avi": 0.4614379053719273,
    "threedmad_Data/09_02_02.avi": 0.4941386340380418,
    "threedmad_Data/08_03_01.avi": 0.6192873650790641,
    "threedmad_Data/11_01_02.avi": 0.32503223043628066,
    "threedmad_Data/12_03_04.avi": 0.7370356861482202,
    "threedmad_Data/09_03_01.avi": 0.7098794819807662,
    "threedmad_Data/10_03_04.avi": 0.677614647834254,
    "threedmad_Data/10_03_03.avi": 0.7928474412404275,
    "threedmad_Data/08_02_04.avi": 0.5233952771101466,
    "threedmad_Data/08_01_05.avi": 0.48743975509065574,
    "threedmad_Data/09_02_05.avi": 0.5089782075230816,
    "threedmad_Data/11_03_01.avi": 0.7359649629564126,
    "threedmad_Data/08_01_01.avi": 0.5003324665268808,
    "threedmad_Data/09_01_02.avi": 0.5216682397446863,
    "threedmad_Data/12_03_05.avi": 0.7430262968770358,
    "threedmad_Data/12_02_04.avi": 0.4106922539249798,
    "threedmad_Data/11_03_04.avi": 0.742884258845676,
    "threedmad_Data/10_01_01.avi": 0.49513573368289093,
    "threedmad_Data/10_03_02.avi": 0.6332761217833982,
    "threedmad_Data/12_01_01.avi": 0.44276437543483455,
    "threedmad_Data/08_03_03.avi": 0.6746267086978645,
    "threedmad_Data/08_03_05.avi": 0.7052021895391678,
    "threedmad_Data/10_01_03.avi": 0.4605490951771046,
    "threedmad_Data/09_02_01.avi": 0.512013645132709,
    "threedmad_Data/08_02_05.avi": 0.5206706016226297,
    "threedmad_Data/11_01_05.avi": 0.28983047328048667
}