{
    "hkbuV2_attack/08/01_01_08.avi": 0.7779958940784623,
    "hkbuV2_attack/08/01_02_08.avi": 0.8171416694825516,
    "hkbuV2_attack/08/01_03_08.avi": 0.8655229147601915,
    "hkbuV2_attack/08/01_04_08.avi": 0.8388787290693616,
    "hkbuV2_attack/08/01_05_08.avi": 0.772895043784799,
    "hkbuV2_attack/08/01_06_08.avi": 0.8134980749875015,
    "hkbuV2_attack/08/02_01_08.avi": 0.790988217596683,
    "hkbuV2_attack/08/02_02_08.avi": 0.8056691105099656,
    "hkbuV2_attack/08/02_03_08.avi": 0.8764463880509631,
    "hkbuV2_attack/08/02_04_08.avi": 0.7904475519779378,
    "hkbuV2_attack/08/02_05_08.avi": 0.8396731568741016,
    "hkbuV2_attack/08/02_06_08.avi": 0.8007690973606962,
    "hkbuV2_attack/08/03_01_08.avi": 0.7910733398272786,
    "hkbuV2_attack/08/03_02_08.avi": 0.7903645930972836,
    "hkbuV2_attack/08/03_03_08.avi": 0.7970614303849312,
    "hkbuV2_attack/08/03_04_08.avi": 0.7795836218452442,
    "hkbuV2_attack/08/03_05_08.avi": 0.8012944045412705,
    "hkbuV2_attack/08/03_06_08.avi": 0.762080353099709,
    "hkbuV2_attack/08/04_01_08.avi": 0.6910356302871569,
    "hkbuV2_attack/08/04_02_08.avi": 0.7582323596962107,
    "hkbuV2_attack/08/04_03_08.avi": 0.7368219430448316,
    "hkbuV2_attack/08/04_04_08.avi": 0.8040161877675792,
    "hkbuV2_attack/08/04_05_08.avi": 0.8215176657653712,
    "hkbuV2_attack/08/04_06_08.avi": 0.8510019316165796,
    "hkbuV2_attack/08/05_01_08.avi": 0.6862093406260589,
    "hkbuV2_attack/08/05_02_08.avi": 0.881765955806471,
    "hkbuV2_attack/08/05_03_08.avi": 0.7176506046404554,
    "hkbuV2_attack/08/05_04_08.avi": 0.8103137319728253,
    "hkbuV2_attack/08/05_05_08.avi": 0.8088783276791539,
    "hkbuV2_attack/08/05_06_08.avi": 0.7916875349944982,
    "hkbuV2_attack/08/06_01_08.avi": 0.6887683638364529,
    "hkbuV2_attack/08/06_02_08.avi": 0.8730255375796868,
    "hkbuV2_attack/08/06_03_08.avi": 0.7261302030033022,
    "hkbuV2_attack/08/06_04_08.avi": 0.8374998560887894,
    "hkbuV2_attack/08/06_05_08.avi": 0.8017157032064409,
    "hkbuV2_attack/08/06_06_08.avi": 0.8185831746930013,
    "hkbuV2_attack/08/07_01_08.avi": 0.8021184802810852,
    "hkbuV2_attack/08/07_02_08.avi": 0.7917207261252125,
    "hkbuV2_attack/08/07_03_08.avi": 0.7163934980018235,
    "hkbuV2_attack/08/07_04_08.avi": 0.8031646286609574,
    "hkbuV2_attack/08/07_05_08.avi": 0.7416634120094328,
    "hkbuV2_attack/08/07_06_08.avi": 0.8052811178747357,
    "hkbuV2_attack/10/01_01_10.avi": 0.6446697129548764,
    "hkbuV2_attack/10/01_02_10.avi": 0.688830314866104,
    "hkbuV2_attack/10/01_03_10.avi": 0.6730624009509611,
    "hkbuV2_attack/10/01_04_10.avi": 0.720202391833357,
    "hkbuV2_attack/10/01_05_10.avi": 0.5982774681367738,
    "hkbuV2_attack/10/01_06_10.avi": 0.5441826650666429,
    "hkbuV2_attack/10/02_01_10.avi": 0.8581306281070132,
    "hkbuV2_attack/10/02_02_10.avi": 0.648631653803955,
    "hkbuV2_attack/10/02_03_10.avi": 0.6887578698363622,
    "hkbuV2_attack/10/02_04_10.avi": 0.6644429066642387,
    "hkbuV2_attack/10/02_05_10.avi": 0.6492723086237868,
    "hkbuV2_attack/10/02_06_10.avi": 0.734887801659426,
    "hkbuV2_attack/10/03_01_10.avi": 0.7319075881707992,
    "hkbuV2_attack/10/03_02_10.avi": 0.6402407490551245,
    "hkbuV2_attack/10/03_03_10.avi": 0.7691733092999048,
    "hkbuV2_attack/10/03_04_10.avi": 0.6802309864966802,
    "hkbuV2_attack/10/03_05_10.avi": 0.7310590870148391,
    "hkbuV2_attack/10/03_06_10.avi": 0.6828396963463291,
    "hkbuV2_attack/10/04_01_10.avi": 0.627968673848713,
    "hkbuV2_attack/10/04_02_10.avi": 0.5768397661866785,
    "hkbuV2_attack/10/04_03_10.avi": 0.5627184620757734,
    "hkbuV2_attack/10/04_04_10.avi": 0.6807487659532074,
    "hkbuV2_attack/10/04_05_10.avi": 0.8129234042143808,
    "hkbuV2_attack/10/04_06_10.avi": 0.5896640715781559,
    "hkbuV2_attack/10/05_01_10.avi": 0.8294608286137531,
    "hkbuV2_attack/10/05_02_10.avi": 0.7234495586714628,
    "hkbuV2_attack/10/05_03_10.avi": 0.7298548413474037,
    "hkbuV2_attack/10/05_04_10.avi": 0.663639551399469,
    "hkbuV2_attack/10/05_05_10.avi": 0.7725921169311203,
    "hkbuV2_attack/10/05_06_10.avi": 0.717243323969853,
    "hkbuV2_attack/10/06_01_10.avi": 0.7926478145376409,
    "hkbuV2_attack/10/06_02_10.avi": 0.7266003393031907,
    "hkbuV2_attack/10/06_03_10.avi": 0.7874801034365161,
    "hkbuV2_attack/10/06_04_10.avi": 0.7659799818933775,
    "hkbuV2_attack/10/06_05_10.avi": 0.8085347322020215,
    "hkbuV2_attack/10/06_06_10.avi": 0.7295211727147045,
    "hkbuV2_attack/10/07_01_10.avi": 0.7877645554588649,
    "hkbuV2_attack/10/07_02_10.avi": 0.745567970434291,
    "hkbuV2_attack/10/07_03_10.avi": 0.60792450822914,
    "hkbuV2_attack/10/07_04_10.avi": 0.6769130924118868,
    "hkbuV2_attack/10/07_05_10.avi": 0.6948054142455495,
    "hkbuV2_attack/10/07_06_10.avi": 0.6497362937239451,
    "hkbuV2_attack/09/01_01_9.avi": 0.6576742497428912,
    "hkbuV2_attack/09/01_02_9.avi": 0.6972478036588488,
    "hkbuV2_attack/09/01_03_9.avi": 0.7037902668966893,
    "hkbuV2_attack/09/01_04_9.avi": 0.756081778686373,
    "hkbuV2_attack/09/01_05_9.avi": 0.6115775490581434,
    "hkbuV2_attack/09/01_06_9.avi": 0.576553200201854,
    "hkbuV2_attack/09/02_01_9.avi": 0.8591475053124863,
    "hkbuV2_attack/09/02_02_9.avi": 0.6732206357249167,
    "hkbuV2_attack/09/02_03_9.avi": 0.714455363208449,
    "hkbuV2_attack/09/02_04_9.avi": 0.6609212561290029,
    "hkbuV2_attack/09/02_05_9.avi": 0.6824936723103097,
    "hkbuV2_attack/09/02_06_9.avi": 0.7298054148001114,
    "hkbuV2_attack/09/03_01_9.avi": 0.7206469184560569,
    "hkbuV2_attack/09/03_02_9.avi": 0.641279431384609,
    "hkbuV2_attack/09/03_03_9.avi": 0.7852682431392943,
    "hkbuV2_attack/09/03_04_9.avi": 0.686638490659992,
    "hkbuV2_attack/09/03_05_9.avi": 0.6497019838584951,
    "hkbuV2_attack/09/03_06_9.avi": 0.6832501148301162,
    "hkbuV2_attack/09/04_01_9.avi": 0.7849018269801741,
    "hkbuV2_attack/09/04_02_9.avi": 0.622668793350768,
    "hkbuV2_attack/09/04_03_9.avi": 0.7044679265058904,
    "hkbuV2_attack/09/04_04_9.avi": 0.6741892463315916,
    "hkbuV2_attack/09/04_05_9.avi": 0.8556537371907771,
    "hkbuV2_attack/09/04_06_9.avi": 0.6721259120370032,
    "hkbuV2_attack/09/05_01_9.avi": 0.7466820827699738,
    "hkbuV2_attack/09/05_02_9.avi": 0.7623766109367293,
    "hkbuV2_attack/09/05_03_9.avi": 0.7591994729225546,
    "hkbuV2_attack/09/05_04_9.avi": 0.6512105022925404,
    "hkbuV2_attack/09/05_05_9.avi": 0.7227537223316317,
    "hkbuV2_attack/09/05_06_9.avi": 0.7559766663579487,
    "hkbuV2_attack/09/06_01_9.avi": 0.818465912588663,
    "hkbuV2_attack/09/06_02_9.avi": 0.7642933886478755,
    "hkbuV2_attack/09/06_03_9.avi": 0.7810077067477895,
    "hkbuV2_attack/09/06_04_9.avi": 0.798203259395791,
    "hkbuV2_attack/09/06_05_9.avi": 0.8250457730151682,
    "hkbuV2_attack/09/06_06_9.avi": 0.6639154861251795,
    "hkbuV2_attack/09/07_01_9.avi": 0.8244953309740429,
    "hkbuV2_attack/09/07_02_9.avi": 0.8148202313933132,
    "hkbuV2_attack/09/07_03_9.avi": 0.6877194836489883,
    "hkbuV2_attack/09/07_04_9.avi": 0.7333323434190172,
    "hkbuV2_attack/09/07_05_9.avi": 0.7395288892599958,
    "hkbuV2_attack/09/07_06_9.avi": 0.7412852401153162,
    "hkbuV2_real/08/01_01_08.avi": 0.467310791326609,
    "hkbuV2_real/08/01_02_08.avi": 0.5179854246179604,
    "hkbuV2_real/08/01_03_08.avi": 0.382725704289302,
    "hkbuV2_real/08/01_04_08.avi": 0.5160078462910107,
    "hkbuV2_real/08/01_05_08.avi": 0.5272378004213127,
    "hkbuV2_real/08/01_06_08.avi": 0.47440828478015,
    "hkbuV2_real/08/02_01_08.avi": 0.47303339520851034,
    "hkbuV2_real/08/02_02_08.avi": 0.5566218758932937,
    "hkbuV2_real/08/02_03_08.avi": 0.4760345876456557,
    "hkbuV2_real/08/02_04_08.avi": 0.5117384199429746,
    "hkbuV2_real/08/02_05_08.avi": 0.5056765761445323,
    "hkbuV2_real/08/02_06_08.avi": 0.4798963281477911,
    "hkbuV2_real/08/03_01_08.avi": 0.5177566420188761,
    "hkbuV2_real/08/03_02_08.avi": 0.6065833262266946,
    "hkbuV2_real/08/03_03_08.avi": 0.6347467269494221,
    "hkbuV2_real/08/03_04_08.avi": 0.6001408314422412,