{
    "hkbuV2_attack/11/01_01_11.avi": 0.6551754087626116,
    "hkbuV2_attack/11/01_02_11.avi": 0.6726568340602262,
    "hkbuV2_attack/11/01_03_11.avi": 0.660798491097189,
    "hkbuV2_attack/11/01_04_11.avi": 0.6793420158090648,
    "hkbuV2_attack/11/01_05_11.avi": 0.5984673580291114,
    "hkbuV2_attack/11/01_06_11.avi": 0.5493798031817337,
    "hkbuV2_attack/11/02_01_11.avi": 0.7299245046633042,
    "hkbuV2_attack/11/02_02_11.avi": 0.7069107846684574,
    "hkbuV2_attack/11/02_03_11.avi": 0.6911599573161378,
    "hkbuV2_attack/11/02_04_11.avi": 0.6459906601956432,
    "hkbuV2_attack/11/02_05_11.avi": 0.6761995460181552,
    "hkbuV2_attack/11/02_06_11.avi": 0.6923862649664553,
    "hkbuV2_attack/11/03_01_11.avi": 0.7163430669365812,
    "hkbuV2_attack/11/03_02_11.avi": 0.6393868413202015,
    "hkbuV2_attack/11/03_03_11.avi": 0.773091477443289,
    "hkbuV2_attack/11/03_04_11.avi": 0.6724262557145563,
    "hkbuV2_attack/11/03_05_11.avi": 0.7281310257419259,
    "hkbuV2_attack/11/03_06_11.avi": 0.688489641729515,
    "hkbuV2_attack/11/04_01_11.avi": 0.6892277071124421,
    "hkbuV2_attack/11/04_02_11.avi": 0.635257626469831,
    "hkbuV2_attack/11/04_03_11.avi": 0.6429511247877153,
    "hkbuV2_attack/11/04_04_11.avi": 0.6388187276603988,
    "hkbuV2_attack/11/04_05_11.avi": 0.8101974470664831,
    "hkbuV2_attack/11/04_06_11.avi": 0.6066476649382618,
    "hkbuV2_attack/11/05_01_11.avi": 0.8095438969245979,
    "hkbuV2_attack/11/05_02_11.avi": 0.736310002114108,
    "hkbuV2_attack/11/05_03_11.avi": 0.709239579431392,
    "hkbuV2_attack/11/05_04_11.avi": 0.7676268602639104,
    "hkbuV2_attack/11/05_05_11.avi": 0.7798762800187312,
    "hkbuV2_attack/11/05_06_11.avi": 0.7320411612134023,
    "hkbuV2_attack/11/06_01_11.avi": 0.7927314060614421,
    "hkbuV2_attack/11/06_02_11.avi": 0.8005563745651073,
    "hkbuV2_attack/11/06_03_11.avi": 0.7802789354485741,
    "hkbuV2_attack/11/06_04_11.avi": 0.7547298503317633,
    "hkbuV2_attack/11/06_05_11.avi": 0.6449171144653872,
    "hkbuV2_attack/11/06_06_11.avi": 0.7927618559913076,
    "hkbuV2_attack/11/07_01_11.avi": 0.7863901359014526,
    "hkbuV2_attack/11/07_02_11.avi": 0.7471147418397243,
    "hkbuV2_attack/11/07_03_11.avi": 0.6216835855324567,
    "hkbuV2_attack/11/07_04_11.avi": 0.6729734660169169,
    "hkbuV2_attack/11/07_05_11.avi": 0.7446572085845479,
    "hkbuV2_attack/11/07_06_11.avi": 0.6384182832588827,
    "hkbuV2_attack/12/01_01_12.avi": 0.6788748770882004,
    "hkbuV2_attack/12/01_02_12.avi": 0.6746297525344604,
    "hkbuV2_attack/12/01_03_12.avi": 0.6738537742302922,
    "hkbuV2_attack/12/01_04_12.avi": 0.6983859878646718,
    "hkbuV2_attack/12/01_05_12.avi": 0.6063265750569978,
    "hkbuV2_attack/12/01_06_12.avi": 0.5625233396676096,
    "hkbuV2_attack/12/02_01_12.avi": 0.7463903572466023,
    "hkbuV2_attack/12/02_02_12.avi": 0.6553599458656781,
    "hkbuV2_attack/12/02_03_12.avi": 0.6614342047714374,
    "hkbuV2_attack/12/02_04_12.avi": 0.638694128007404,
    "hkbuV2_attack/12/02_05_12.avi": 0.6781429735526743,
    "hkbuV2_attack/12/02_06_12.avi": 0.7023663757348994,
    "hkbuV2_attack/12/03_01_12.avi": 0.7219346689663179,
    "hkbuV2_attack/12/03_02_12.avi": 0.6357869087265683,
    "hkbuV2_attack/12/03_03_12.avi": 0.7660646316898091,
    "hkbuV2_attack/12/03_04_12.avi": 0.6747711338077153,
    "hkbuV2_attack/12/03_05_12.avi": 0.721456739994589,
    "hkbuV2_attack/12/03_06_12.avi": 0.686118316782128,
    "hkbuV2_attack/12/04_01_12.avi": 0.576682309798099,
    "hkbuV2_attack/12/04_02_12.avi": 0.5809874259068407,
    "hkbuV2_attack/12/04_03_12.avi": 0.6203378056163079,
    "hkbuV2_attack/12/04_04_12.avi": 0.6221605405614153,
    "hkbuV2_attack/12/04_05_12.avi": 0.7636529297550693,
    "hkbuV2_attack/12/04_06_12.avi": 0.6071717397163684,
    "hkbuV2_attack/12/05_01_12.avi": 0.7684547235282339,
    "hkbuV2_attack/12/05_02_12.avi": 0.7470455010496079,
    "hkbuV2_attack/12/05_03_12.avi": 0.7005620298444261,
    "hkbuV2_attack/12/05_04_12.avi": 0.7369033421671597,
    "hkbuV2_attack/12/05_05_12.avi": 0.7876045968797287,
    "hkbuV2_attack/12/05_06_12.avi": 0.6399741005540135,
    "hkbuV2_attack/12/06_01_12.avi": 0.7602547243853467,
    "hkbuV2_attack/12/06_02_12.avi": 0.7572074565246059,
    "hkbuV2_attack/12/06_03_12.avi": 0.719932064731648,
    "hkbuV2_attack/12/06_04_12.avi": 0.7412486845333913,
    "hkbuV2_attack/12/06_05_12.avi": 0.807969150119393,
    "hkbuV2_attack/12/06_06_12.avi": 0.669618471111192,
    "hkbuV2_attack/12/07_01_12.avi": 0.8230458994872851,
    "hkbuV2_attack/12/07_02_12.avi": 0.7273739781416148,
    "hkbuV2_attack/12/07_03_12.avi": 0.5621574668355509,
    "hkbuV2_attack/12/07_04_12.avi": 0.6626811306508879,
    "hkbuV2_attack/12/07_05_12.avi": 0.7672315464598901,
    "hkbuV2_attack/12/07_06_12.avi": 0.6199658914504477,
    "hkbuV2_real/11/01_01_11.avi": 0.6218639054666938,
    "hkbuV2_real/11/01_02_11.avi": 0.5267082110213505,
    "hkbuV2_real/11/01_03_11.avi": 0.5900450217272497,
    "hkbuV2_real/11/01_04_11.avi": 0.535884528767742,
    "hkbuV2_real/11/01_05_11.avi": 0.5726033027276793,
    "hkbuV2_real/11/01_06_11.avi": 0.4524787399920518,
    "hkbuV2_real/11/02_01_11.avi": 0.5122148916253918,
    "hkbuV2_real/11/02_02_11.avi": 0.5886122695241945,
    "hkbuV2_real/11/02_03_11.avi": 0.531519429837691,
    "hkbuV2_real/11/02_04_11.avi": 0.567832921159569,
    "hkbuV2_real/11/02_05_11.avi": 0.5953642873347015,
    "hkbuV2_real/11/02_06_11.avi": 0.28584160132644,
    "hkbuV2_real/11/03_01_11.avi": 0.6636265629991375,
    "hkbuV2_real/11/03_02_11.avi": 0.6304356092819507,
    "hkbuV2_real/11/03_03_11.avi": 0.6308748206031339,
    "hkbuV2_real/11/03_04_11.avi": 0.5979878502920863,
    "hkbuV2_real/11/03_05_11.avi": 0.7381750630799705,
    "hkbuV2_real/11/03_06_11.avi": 0.570005826284984,
    "hkbuV2_real/11/04_01_11.avi": 0.7160803003100368,
    "hkbuV2_real/11/04_02_11.avi": 0.7194879340683733,
    "hkbuV2_real/11/04_03_11.avi": 0.6639297174888624,
    "hkbuV2_real/11/04_04_11.avi": 0.6976706004257873,
    "hkbuV2_real/11/04_05_11.avi": 0.6407400629321183,
    "hkbuV2_real/11/04_06_11.avi": 0.29540792789024095,
    "hkbuV2_real/11/05_01_11.avi": 0.6543418869079267,
    "hkbuV2_real/11/05_02_11.avi": 0.6593093358616556,
    "hkbuV2_real/11/05_03_11.avi": 0.6309525606060284,
    "hkbuV2_real/11/05_04_11.avi": 0.6672727461191,
    "hkbuV2_real/11/05_05_11.avi": 0.6647614321514653,
    "hkbuV2_real/11/05_06_11.avi": 0.2719821398566763,
    "hkbuV2_real/11/06_01_11.avi": 0.7216034663915413,
    "hkbuV2_real/11/06_02_11.avi": 0.8118824642923249,
    "hkbuV2_real/11/06_03_11.avi": 0.7502113547355341,
    "hkbuV2_real/11/06_04_11.avi": 0.7736993489130976,
    "hkbuV2_real/11/06_05_11.avi": 0.728618244992567,
    "hkbuV2_real/11/06_06_11.avi": 0.28951791419576184,
    "hkbuV2_real/11/07_01_11.avi": 0.6322719084208871,
    "hkbuV2_real/11/07_02_11.avi": 0.7110856274008741,
    "hkbuV2_real/11/07_03_11.avi": 0.6147236253996904,
    "hkbuV2_real/11/07_04_11.avi": 0.6717970167430418,
    "hkbuV2_real/11/07_05_11.avi": 0.6374199847201383,
    "hkbuV2_real/11/07_06_11.avi": 0.27396007610934464,
    "hkbuV2_real/12/01_01_12.avi": 0.5062067237432898,
    "hkbuV2_real/12/01_02_12.avi": 0.48041664311146665,
    "hkbuV2_real/12/01_03_12.avi": 0.6041975839504533,
    "hkbuV2_real/12/01_04_12.avi": 0.5855130249360859,
    "hkbuV2_real/12/01_05_12.avi": 0.4902983442293809,
    "hkbuV2_real/12/01_06_12.avi": 0.4827554266794792,
    "hkbuV2_real/12/02_01_12.avi": 0.5763822234532721,
    "hkbuV2_real/12/02_02_12.avi": 0.46174872183912535,
    "hkbuV2_real/12/02_03_12.avi": 0.4860712476310434,
    "hkbuV2_real/12/02_04_12.avi": 0.5918205800951044,
    "hkbuV2_real/12/02_05_12.avi": 0.6278466214597489,
    "hkbuV2_real/12/02_06_12.avi": 0.5763311659789603,
    "hkbuV2_real/12/03_01_12.avi": 0.651953756176577,
    "hkbuV2_real/12/03_02_12.avi": 0.5565257793952553,
    "hkbuV2_real/12/03_03_12.avi": 0.6040662466803526,
    "hkbuV2_real/12/03_04_12.avi": 0.6510799798717902,