{
    "hkbu_s1/04_01_01.mp4": 0.5031534929451756,
    "hkbu_s1/04_01_02.mp4": 0.5432185364782632,
    "hkbu_s1/04_01_03.mp4": 0.5812929295437975,
    "hkbu_s1/04_01_04.mp4": 0.5290332454947807,
    "hkbu_s1/04_01_05.mp4": 0.47144555879661526,
    "hkbu_s1/05_01_01.mp4": 0.5558511389855808,
    "hkbu_s1/05_01_02.mp4": 0.5567552212494126,
    "hkbu_s1/05_01_03.mp4": 0.5579694197549077,
    "hkbu_s1/05_01_04.mp4": 0.5566545625497754,
    "hkbu_s1/05_01_05.mp4": 0.5573848066419153,
    "hkbu_s2/04_02_01.mp4": 0.6223448276744201,
    "hkbu_s2/04_02_02.mp4": 0.529707534115195,
    "hkbu_s2/04_02_03.mp4": 0.5216988759563961,
    "hkbu_s2/04_02_04.mp4": 0.5502636231026234,
    "hkbu_s2/04_02_05.mp4": 0.5487116608214664,
    "hkbu_s2/05_02_01.mp4": 0.5594020181054975,
    "hkbu_s2/05_02_02.mp4": 0.5592706654895948,
    "hkbu_s2/05_02_03.mp4": 0.5592637145953363,
    "hkbu_s2/05_02_04.mp4": 0.5592192984629634,
    "hkbu_s2/05_02_05.mp4": 0.5593617627371195,
    "hkbu_s3/04_03_01.mp4": 0.7680753605007178,
    "hkbu_s3/04_03_02.mp4": 0.7979145104066693,
    "hkbu_s3/04_03_03.mp4": 0.7841575104118671,
    "hkbu_s3/04_03_04.mp4": 0.7836620035528671,
    "hkbu_s3/04_03_05.mp4": 0.7843786354970249,
    "hkbu_s3/05_03_01.mp4": 0.85390497679376,
    "hkbu_s3/05_03_02.mp4": 0.8066402140935556,
    "hkbu_s3/05_03_03.mp4": 0.8288507881878667,
    "hkbu_s3/05_03_04.mp4": 0.8307535969710287,
    "hkbu_s3/05_03_05.mp4": 0.7966723559091923,
    "hkbu_s3/08_03_01.mp4": 0.5593541703462147,
    "hkbu_s3/08_03_02.mp4": 0.5593971746882346,
    "hkbu_s3/08_03_03.mp4": 0.5594080295979161,
    "hkbu_s3/08_03_04.mp4": 0.5593773694847832,
    "hkbu_s3/08_03_05.mp4": 0.5593515987786237
}