{
    "threedmad_Data/14_01_05.avi": 0.4357569944353718,
    "threedmad_Data/17_01_03.avi": 0.46876256532500027,
    "threedmad_Data/15_01_04.avi": 0.5343200039429491,
    "threedmad_Data/13_02_05.avi": 0.419591883252548,
    "threedmad_Data/15_01_05.avi": 0.369160713401082,
    "threedmad_Data/17_02_01.avi": 0.3635111623412716,
    "threedmad_Data/17_01_04.avi": 0.42621746492467666,
    "threedmad_Data/17_01_02.avi": 0.4339189146235496,
    "threedmad_Data/14_02_01.avi": 0.4753878231451217,
    "threedmad_Data/17_02_02.avi": 0.39690765868984235,
    "threedmad_Data/17_03_01.avi": 0.7213575125264301,
    "threedmad_Data/13_03_02.avi": 0.7582531535935361,
    "threedmad_Data/13_03_01.avi": 0.740257507055564,
    "threedmad_Data/15_03_02.avi": 0.7622487067333447,
    "threedmad_Data/17_01_01.avi": 0.47348533307409574,
    "threedmad_Data/14_03_04.avi": 0.7158715079758912,
    "threedmad_Data/16_03_05.avi": 0.7338935444902251,
    "threedmad_Data/15_02_05.avi": 0.3556085479929784,
    "threedmad_Data/14_02_03.avi": 0.41187433544008095,
    "threedmad_Data/16_01_05.avi": 0.5053666569286714,
    "threedmad_Data/14_03_05.avi": 0.7391081403107341,
    "threedmad_Data/16_01_02.avi": 0.4965401449159881,
    "threedmad_Data/16_03_01.avi": 0.7680795873866123,
    "threedmad_Data/13_03_05.avi": 0.7601072764568335,
    "threedmad_Data/15_03_03.avi": 0.7573744350813755,
    "threedmad_Data/17_02_05.avi": 0.38811348988185274,
    "threedmad_Data/14_01_01.avi": 0.4207690813284454,
    "threedmad_Data/14_01_02.avi": 0.40722976945957834,
    "threedmad_Data/16_02_01.avi": 0.5081026854610229,
    "threedmad_Data/13_02_01.avi": 0.4287887275805802,
    "threedmad_Data/13_01_02.avi": 0.3851898479873886,
    "threedmad_Data/15_03_05.avi": 0.8073217480948077,
    "threedmad_Data/15_01_03.avi": 0.4405043213133748,
    "threedmad_Data/17_03_02.avi": 0.7264612569733551,
    "threedmad_Data/14_02_05.avi": 0.4022714383872818,
    "threedmad_Data/16_01_03.avi": 0.5007941566031845,
    "threedmad_Data/14_02_04.avi": 0.4432235373186582,
    "threedmad_Data/15_01_01.avi": 0.5203394659217392,
    "threedmad_Data/16_01_01.avi": 0.480321759291878,
    "threedmad_Data/13_03_03.avi": 0.7554982839996471,
    "threedmad_Data/16_03_04.avi": 0.7511699825909983,
    "threedmad_Data/14_01_04.avi": 0.42521783969911225,
    "threedmad_Data/17_01_05.avi": 0.4642160020457635,
    "threedmad_Data/16_02_05.avi": 0.5125909599943493,
    "threedmad_Data/13_02_03.avi": 0.4483449252393268,
    "threedmad_Data/15_02_01.avi": 0.36827557094178404,
    "threedmad_Data/15_01_02.avi": 0.40300522155194335,
    "threedmad_Data/13_02_02.avi": 0.4136833289595265,
    "threedmad_Data/14_02_02.avi": 0.40078736559707445,
    "threedmad_Data/14_03_01.avi": 0.7294958963717825,
    "threedmad_Data/15_02_03.avi": 0.3650868388936055,
    "threedmad_Data/17_02_04.avi": 0.3838047944937378,
    "threedmad_Data/16_03_02.avi": 0.733082117741335,
    "threedmad_Data/17_03_03.avi": 0.7579910114920502,
    "threedmad_Data/14_01_03.avi": 0.42220146828550636,
    "threedmad_Data/13_01_03.avi": 0.4347540811887178,
    "threedmad_Data/17_03_05.avi": 0.7489990088859368,
    "threedmad_Data/16_02_03.avi": 0.5158961046947604,
    "threedmad_Data/16_02_04.avi": 0.5166168333333845,
    "threedmad_Data/14_03_02.avi": 0.673681190523706,
    "threedmad_Data/13_01_05.avi": 0.4524527663909523,
    "threedmad_Data/13_01_01.avi": 0.3910486376215092,
    "threedmad_Data/15_03_04.avi": 0.7738360981689851,
    "threedmad_Data/15_03_01.avi": 0.7639766935226566,
    "threedmad_Data/16_03_03.avi": 0.7661923570439275,
    "threedmad_Data/13_03_04.avi": 0.7349111772648649,
    "threedmad_Data/17_02_03.avi": 0.39712624802285185,
    "threedmad_Data/14_03_03.avi": 0.7860237950197608,
    "threedmad_Data/16_01_04.avi": 0.49745602805413586,
    "threedmad_Data/15_02_04.avi": 0.37680096284611175,
    "threedmad_Data/17_03_04.avi": 0.7712806968869704,
    "threedmad_Data/15_02_02.avi": 0.36994819964651743,
    "threedmad_Data/16_02_02.avi": 0.5244066359260414
}