{
    "csmad_attack/STAND/A/Mask_atk_A2_i3_009": 0.6950726273700387,
    "csmad_attack/STAND/A/Mask_atk_A1_i1_002": 0.7825364296117457,
    "csmad_attack/STAND/A/Mask_atk_A1_i0_001": 0.9783447866266446,
    "csmad_attack/STAND/A/Mask_atk_A2_i0_006": 0.9086345874841476,
    "csmad_attack/STAND/A/Mask_atk_A1_i3_004": 0.8650810254286135,
    "csmad_attack/STAND/A/Mask_atk_A1_i2_003": 0.923471793452222,
    "csmad_attack/STAND/A/Mask_atk_A2_i2_008": 0.8706962730535001,
    "csmad_attack/STAND/A/Mask_atk_A2_i1_007": 0.9248885321003361,
    "csmad_attack/STAND/D/Mask_atk_D1_i1_029": 0.8576956166055005,
    "csmad_attack/STAND/D/Mask_atk_D1_i3_031": 0.9260526825290235,
    "csmad_attack/STAND/D/Mask_atk_D2_i2_034": 0.7306645274964237,
    "csmad_attack/STAND/D/Mask_atk_D2_i1_033": 0.89281587763062,
    "csmad_attack/STAND/D/Mask_atk_D1_i2_030": 0.8628849133466147,
    "csmad_attack/STAND/D/Mask_atk_D1_i0_028": 0.8575622368957209,
    "csmad_attack/STAND/D/Mask_atk_D2_i3_035": 0.8103650537184245,
    "csmad_attack/STAND/D/Mask_atk_D2_i0_032": 0.6829211010656736,
    "csmad_attack/WEAR/A/F_atk_A2_i1_016": 0.795869095217665,
    "csmad_attack/WEAR/A/F_atk_A1_i0_011": 0.7621263401476757,
    "csmad_attack/WEAR/A/E_atk_A2_i3_008": 0.9175491457374242,
    "csmad_attack/WEAR/A/E_atk_A1_i2_003": 0.8247351702048968,
    "csmad_attack/WEAR/A/E_atk_A2_i1_006": 0.819950208891033,
    "csmad_attack/WEAR/A/F_atk_A2_i3_018": 0.8946150390601341,
    "csmad_attack/WEAR/A/F_atk_A1_i1_012": 0.7560139740708528,
    "csmad_attack/WEAR/A/E_atk_A1_i0_001": 0.9356335524226269,
    "csmad_attack/WEAR/A/E_atk_A2_i2_007": 0.8846313313951374,
    "csmad_attack/WEAR/A/F_atk_A2_i2_017": 0.8898376252417987,
    "csmad_attack/WEAR/A/E_atk_A2_i0_005": 0.925608986004376,
    "csmad_attack/WEAR/A/F_atk_A1_i2_013": 0.7550283815346169,
    "csmad_attack/WEAR/A/E_atk_A1_i3_004": 0.8840586997276345,
    "csmad_attack/WEAR/A/F_atk_A1_i3_014": 0.9220003280355858,
    "csmad_attack/WEAR/A/E_atk_A1_i1_002": 0.9299252144106839,
    "csmad_attack/WEAR/A/F_atk_A2_i0_015": 0.8708491288088123,
    "csmad_attack/WEAR/D/E_atk_D1_i1_026": 0.9371915328283005,
    "csmad_attack/WEAR/D/F_atk_D2_i1_040": 0.7224555620455156,
    "csmad_attack/WEAR/D/F_atk_D1_i2_037": 0.7430871124875091,
    "csmad_attack/WEAR/D/E_atk_D2_i2_031": 0.9289470092060611,
    "csmad_attack/WEAR/D/E_atk_D3_i2_053": 0.8385268547885221,
    "csmad_attack/WEAR/D/F_atk_D1_i0_035": 0.8370144414014519,
    "csmad_attack/WEAR/D/E_atk_D2_i3_032": 0.8688790783563022,
    "csmad_attack/WEAR/D/E_atk_D1_i0_025": 0.8964254788918988,
    "csmad_attack/WEAR/D/E_atk_D3_i0_050": 0.7890643801226632,
    "csmad_attack/WEAR/D/F_atk_D3_i2_063": 0.8332678671952838,
    "csmad_attack/WEAR/D/E_atk_D3_i1_051": 0.9408724248402596,
    "csmad_attack/WEAR/D/F_atk_D3_i1_062": 0.7581857847705483,
    "csmad_attack/WEAR/D/F_atk_D3_i3_064": 0.8067975504806076,
    "csmad_attack/WEAR/D/F_atk_D2_i0_039": 0.8304151946661026,
    "csmad_attack/WEAR/D/E_atk_D1_i2_027": 0.8579210844246568,
    "csmad_attack/WEAR/D/E_atk_D2_i1_030": 0.8501152925141597,
    "csmad_attack/WEAR/D/E_atk_D3_i3_054": 0.6935447455939654,
    "csmad_attack/WEAR/D/E_atk_D1_i3_028": 0.7204317067232915,
    "csmad_attack/WEAR/D/F_atk_D1_i3_038": 0.8945401720540739,
    "csmad_attack/WEAR/D/F_atk_D2_i2_041": 0.8744831639174885,
    "csmad_attack/WEAR/D/F_atk_D2_i3_042": 0.8562023112993362,
    "csmad_attack/WEAR/D/E_atk_D2_i0_029": 0.8187447299699304,
    "csmad_attack/WEAR/D/F_atk_D3_i0_061": 0.6997769284492531,
    "csmad_attack/WEAR/D/F_atk_D1_i1_036": 0.6775629289101824,
    "csmad_bonafide/A/A_gen_i3_064": 0.8932273801081063,
    "csmad_bonafide/A/A_gen_i2_063": 0.7604483659235903,
    "csmad_bonafide/A/A_gen_i1_062": 0.8771397192918479,
    "csmad_bonafide/A/A_gen_i0_061": 0.7429517683314323,
    "csmad_bonafide/D/D_gen_i2_004": 0.7395574893474767,
    "csmad_bonafide/D/D_genglasses_i2_003": 0.6717899196586337,
    "csmad_bonafide/D/D_genglasses_i1_002": 0.6124063579503694,
    "csmad_bonafide/D/D_gen_i1_003": 0.7562252346494768,
    "csmad_bonafide/D/D_genglasses_i3_004": 0.6586445723901916,
    "csmad_bonafide/D/D_gen_i3_005": 0.6785440677200354,
    "csmad_bonafide/D/D_gen_i0_001": 0.5439017808995806,
    "csmad_bonafide/D/D_genglasses_i0_001": 0.5932108265422951,
    "csmad_bonafide/G/G_gen_i1_006": 0.5638087406228242,
    "csmad_bonafide/G/G_gen_i0_005": 0.7369841353948191,
    "csmad_bonafide/G/G_gen_i2_007": 0.5744670644173947,
    "csmad_bonafide/G/G_gen_i3_008": 0.7990717930129358,
    "csmad_bonafide/H/H_gen_i1_010": 0.5947875380501203,
    "csmad_bonafide/H/H_gen_i2_011": 0.7136023859913454,
    "csmad_bonafide/H/H_gen_i0_009": 0.7897298469135557,
    "csmad_bonafide/H/H_gen_i3_012": 0.7117543748960221,
    "csmad_bonafide/I/I_gen_i2_015": 0.6038191741265581,
    "csmad_bonafide/I/I_gen_i3_016": 0.7026221458508983,
    "csmad_bonafide/I/I_gen_i1_014": 0.6936152855123616,
    "csmad_bonafide/I/I_gen_i0_013": 0.5493873593003131
}