{
    "hkbu_s1/06_01_01.mp4": 0.6199241486348329,
    "hkbu_s1/06_01_02.mp4": 0.5983962634908225,
    "hkbu_s1/06_01_03.mp4": 0.5674205469371546,
    "hkbu_s1/06_01_04.mp4": 0.5990838295509778,
    "hkbu_s1/06_01_05.mp4": 0.5798589200443051,
    "hkbu_s1/07_01_01.mp4": 0.5591706400527493,
    "hkbu_s1/07_01_02.mp4": 0.5593549875846063,
    "hkbu_s1/07_01_03.mp4": 0.5351515914619148,
    "hkbu_s1/07_01_04.mp4": 0.49424275336391005,
    "hkbu_s1/07_01_05.mp4": 0.4976831885888731,
    "hkbu_s2/06_02_01.mp4": 0.5912132559264691,
    "hkbu_s2/06_02_02.mp4": 0.636672800533974,
    "hkbu_s2/06_02_03.mp4": 0.6250473573382324,
    "hkbu_s2/06_02_04.mp4": 0.6127413202140798,
    "hkbu_s2/06_02_05.mp4": 0.6004904561050357,
    "hkbu_s2/07_02_01.mp4": 0.5599394239825758,
    "hkbu_s2/07_02_02.mp4": 0.5593512749334825,
    "hkbu_s2/07_02_03.mp4": 0.5603530262136428,
    "hkbu_s2/07_02_04.mp4": 0.5587500224961132,
    "hkbu_s2/07_02_05.mp4": 0.5173405863433035,
    "hkbu_s3/06_03_01.mp4": 0.5593487017464013,
    "hkbu_s3/06_03_02.mp4": 0.5593487017396866,
    "hkbu_s3/06_03_03.mp4": 0.5593487017396518,
    "hkbu_s3/06_03_04.mp4": 0.5593487017396518,
    "hkbu_s3/06_03_05.mp4": 0.5593487017396518,
    "hkbu_s3/07_03_01.mp4": 0.6387263973508909,
    "hkbu_s3/07_03_02.mp4": 0.5352990357741757,
    "hkbu_s3/07_03_03.mp4": 0.6287818257723804,
    "hkbu_s3/07_03_04.mp4": 0.6686640031517982,
    "hkbu_s3/07_03_05.mp4": 0.6208737408063412
}