{
    "threedmad_Data/14_01_05.avi": 1.0,
    "threedmad_Data/17_01_03.avi": 0.9344287289423426,
    "threedmad_Data/15_01_04.avi": 1.0,
    "threedmad_Data/13_02_05.avi": 1.0,
    "threedmad_Data/15_01_05.avi": 1.0,
    "threedmad_Data/17_02_01.avi": 1.0,
    "threedmad_Data/17_01_04.avi": 0.9965561355728837,
    "threedmad_Data/17_01_02.avi": 0.9260171068990481,
    "threedmad_Data/14_02_01.avi": 1.0,
    "threedmad_Data/17_02_02.avi": 0.9875128533059437,
    "threedmad_Data/17_03_01.avi": 1.0,
    "threedmad_Data/13_03_02.avi": 1.0,
    "threedmad_Data/13_03_01.avi": 1.0,
    "threedmad_Data/15_03_02.avi": 1.0,
    "threedmad_Data/17_01_01.avi": 1.0,
    "threedmad_Data/14_03_04.avi": 1.0,
    "threedmad_Data/16_03_05.avi": 1.0,
    "threedmad_Data/15_02_05.avi": 1.0,
    "threedmad_Data/14_02_03.avi": 1.0,
    "threedmad_Data/16_01_05.avi": 1.0,
    "threedmad_Data/14_03_05.avi": 1.0,
    "threedmad_Data/16_01_02.avi": 1.0,
    "threedmad_Data/16_03_01.avi": 1.0,
    "threedmad_Data/13_03_05.avi": 1.0,
    "threedmad_Data/15_03_03.avi": 1.0,
    "threedmad_Data/17_02_05.avi": 1.0,
    "threedmad_Data/14_01_01.avi": 1.0,
    "threedmad_Data/14_01_02.avi": 1.0,
    "threedmad_Data/16_02_01.avi": 1.0,
    "threedmad_Data/13_02_01.avi": 1.0,
    "threedmad_Data/13_01_02.avi": 1.0,
    "threedmad_Data/15_03_05.avi": 1.0,
    "threedmad_Data/15_01_03.avi": 1.0,
    "threedmad_Data/17_03_02.avi": 1.0,
    "threedmad_Data/14_02_05.avi": 1.0,
    "threedmad_Data/16_01_03.avi": 1.0,
    "threedmad_Data/14_02_04.avi": 1.0,
    "threedmad_Data/15_01_01.avi": 1.0,
    "threedmad_Data/16_01_01.avi": 1.0,
    "threedmad_Data/13_03_03.avi": 1.0,
    "threedmad_Data/16_03_04.avi": 1.0,
    "threedmad_Data/14_01_04.avi": 1.0,
    "threedmad_Data/17_01_05.avi": 1.0,
    "threedmad_Data/16_02_05.avi": 1.0,
    "threedmad_Data/13_02_03.avi": 1.0,
    "threedmad_Data/15_02_01.avi": 1.0,
    "threedmad_Data/15_01_02.avi": 1.0,
    "threedmad_Data/13_02_02.avi": 1.0,
    "threedmad_Data/14_02_02.avi": 1.0,
    "threedmad_Data/14_03_01.avi": 1.0,
    "threedmad_Data/15_02_03.avi": 1.0,
    "threedmad_Data/17_02_04.avi": 1.0,
    "threedmad_Data/16_03_02.avi": 1.0,
    "threedmad_Data/17_03_03.avi": 1.0,
    "threedmad_Data/14_01_03.avi": 1.0,
    "threedmad_Data/13_01_03.avi": 1.0,
    "threedmad_Data/17_03_05.avi": 1.0,
    "threedmad_Data/16_02_03.avi": 1.0,
    "threedmad_Data/16_02_04.avi": 1.0,
    "threedmad_Data/14_03_02.avi": 1.0,
    "threedmad_Data/13_01_05.avi": 1.0,
    "threedmad_Data/13_01_01.avi": 1.0,
    "threedmad_Data/15_03_04.avi": 1.0,
    "threedmad_Data/15_03_01.avi": 1.0,
    "threedmad_Data/16_03_03.avi": 1.0,
    "threedmad_Data/13_03_04.avi": 1.0,
    "threedmad_Data/17_02_03.avi": 1.0,
    "threedmad_Data/14_03_03.avi": 1.0,
    "threedmad_Data/16_01_04.avi": 1.0,
    "threedmad_Data/15_02_04.avi": 1.0,
    "threedmad_Data/17_03_04.avi": 1.0,
    "threedmad_Data/15_02_02.avi": 1.0,
    "threedmad_Data/16_02_02.avi": 1.0
}