{
    "csmad_attack/STAND/E/Mask_atk_E2_i3_043": 0.764371613287782,
    "csmad_attack/STAND/E/Mask_atk_E2_i1_041": 0.9091783311108514,
    "csmad_attack/STAND/E/Mask_atk_E1_i2_038": 0.8532112774341186,
    "csmad_attack/STAND/E/Mask_atk_E1_i3_039": 0.8733250132914213,
    "csmad_attack/STAND/E/Mask_atk_E1_i0_036": 0.7740338743160486,
    "csmad_attack/STAND/E/Mask_atk_E2_i2_042": 0.9275423964940078,
    "csmad_attack/STAND/E/Mask_atk_E1_i1_037": 0.8470334499249478,
    "csmad_attack/STAND/E/Mask_atk_E2_i0_040": 0.7171691073253509,
    "csmad_attack/STAND/F/Mask_atk_F2_i2_051": 0.8688657000735954,
    "csmad_attack/STAND/F/Mask_atk_F2_i0_048": 0.8925155912186802,
    "csmad_attack/STAND/F/Mask_atk_F2_i1_049": 0.8551337925279928,
    "csmad_attack/STAND/F/Mask_atk_F1_i0_044": 0.9474148797804082,
    "csmad_attack/STAND/F/Mask_atk_F2_i3_052": 0.850784823854743,
    "csmad_attack/STAND/F/Mask_atk_F1_i3_047": 0.9278298522977263,
    "csmad_attack/STAND/F/Mask_atk_F2_i1_050": 0.942477139502737,
    "csmad_attack/STAND/F/Mask_atk_F1_i1_045": 0.9587554695156664,
    "csmad_attack/STAND/F/Mask_atk_F1_i2_046": 0.8806987374934775,
    "csmad_attack/WEAR/E/E_atk_E2_i2_039": 0.8170209024520648,
    "csmad_attack/WEAR/E/E_atk_E2_i3_040": 0.9307540248456041,
    "csmad_attack/WEAR/E/F_atk_E2_i3_050": 0.91028703408529,
    "csmad_attack/WEAR/E/E_atk_E2_i0_037": 0.5843710082933401,
    "csmad_attack/WEAR/E/E_atk_E2_i1_038": 0.8874519266781012,
    "csmad_attack/WEAR/E/F_atk_E1_i2_045": 0.6753585764189337,
    "csmad_attack/WEAR/E/F_atk_E2_i1_048": 0.6853068896704242,
    "csmad_attack/WEAR/E/E_atk_E1_i2_035": 0.7537334803313872,
    "csmad_attack/WEAR/E/E_atk_E1_i1_034": 0.9779449403977433,
    "csmad_attack/WEAR/E/E_atk_E1_i3_036": 0.9664527749836518,
    "csmad_attack/WEAR/E/F_atk_E2_i2_049": 0.7681022788674815,
    "csmad_attack/WEAR/E/F_atk_E2_i0_047": 0.6985915461681965,
    "csmad_attack/WEAR/E/F_atk_E1_i0_043": 0.8044462278561427,
    "csmad_attack/WEAR/E/F_atk_E1_i1_044": 0.5563909875550337,
    "csmad_attack/WEAR/E/E_atk_E1_i0_033": 0.8236067647190289,
    "csmad_attack/WEAR/E/F_atk_E1_i3_046": 0.801620358134096,
    "csmad_attack/WEAR/F/F_atk_F1_i0_051": 0.8727821667537164,
    "csmad_attack/WEAR/F/F_atk_F2_i3_060": 0.8432854837435286,
    "csmad_attack/WEAR/F/E_atk_F2_i1_047": 0.9355511372871388,
    "csmad_attack/WEAR/F/F_atk_F1_i2_053": 0.8651475291120914,
    "csmad_attack/WEAR/F/F_atk_F2_i1_056": 0.7203034010503204,
    "csmad_attack/WEAR/F/F_atk_F2_i2_059": 0.8777293045268807,
    "csmad_attack/WEAR/F/F_atk_F1_i3_054": 0.8838342115365139,
    "csmad_attack/WEAR/F/E_atk_F1_i3_045": 0.9030978868486046,
    "csmad_attack/WEAR/F/F_atk_F2_i0_055": 0.8641352334058015,
    "csmad_attack/WEAR/F/E_atk_F2_i0_046": 0.7793477359534493,
    "csmad_attack/WEAR/F/F_atk_F1_i1_052": 0.8295277334230287,
    "csmad_attack/WEAR/F/E_atk_F1_i0_041": 0.7673874202946508,
    "csmad_attack/WEAR/F/E_atk_F1_i2_044": 0.8646694144202526,
    "csmad_attack/WEAR/F/E_atk_F2_i2_048": 0.9399671481029394,
    "csmad_attack/WEAR/F/E_atk_F2_i3_049": 0.8627422135117796,
    "csmad_attack/WEAR/F/E_atk_F1_i1_043": 0.8195957427096993,
    "csmad_bonafide/E/E_gen_i1_004": 0.6744532194363807,
    "csmad_bonafide/E/E_gen_i2_005": 0.771511745736012,
    "csmad_bonafide/E/E_gen_i3_006": 0.8181997922569998,
    "csmad_bonafide/E/E_gen_i0_003": 0.6063625048924857,
    "csmad_bonafide/F/F_gen_i1_008": 0.716123940115397,
    "csmad_bonafide/F/F_gen_i3_010": 0.8253673754131846,
    "csmad_bonafide/F/F_gen_i0_007": 0.78599123229681,
    "csmad_bonafide/F/F_gen_i2_009": 0.8382422937334152,
    "csmad_bonafide/M/M_genglasses_i3_016": 0.75246220661957,
    "csmad_bonafide/M/M_gen_i0_009": 0.8774297259167652,
    "csmad_bonafide/M/M_gen_i2_011": 0.5906268955440331,
    "csmad_bonafide/M/M_genglasses_i0_013": 0.7719385745696092,
    "csmad_bonafide/M/M_gen_i1_010": 0.6676904493899943,
    "csmad_bonafide/M/M_genglasses_i1_014": 0.6701034548085572,
    "csmad_bonafide/M/M_gen_i3_012": 0.905148304703174,
    "csmad_bonafide/M/M_genglasses_i2_015": 0.5708217020680648,
    "csmad_bonafide/N/N_genglasses_i0_021": 0.7376128612464008,
    "csmad_bonafide/N/N_genglasses_i2_023": 0.5642861228697548,
    "csmad_bonafide/N/N_genglasses_i1_022": 0.5773951738865136,
    "csmad_bonafide/N/N_gen_i2_019": 0.5784332205201813,
    "csmad_bonafide/N/N_genglasses_i3_024": 0.7006744847518794,
    "csmad_bonafide/N/N_gen_i3_020": 0.79099944896396,
    "csmad_bonafide/N/N_gen_i0_017": 0.8149613631157488,
    "csmad_bonafide/N/N_gen_i1_018": 0.6477182820582602
}