{
    "devel": {
        "eer_point": 0.03999999999887344,
        "eer_th": 0.4785239100423855
    }
}