{
    "devel": {
        "eer_point": 0.0639760837070254,
        "eer_th": 0.5601141066829185
    }
}