{
    "devel": {
        "eer_point": 0.07583345980674729,
        "eer_th": 0.5742130388847809
    }
}