{
    "devel": {
        "eer_point": 0.08203812316718023,
        "eer_th": 0.5865403855039829
    }
}