{
    "devel": {
        "eer_point": 0.09205983889528198,
        "eer_th": 0.5946981560670034
    }
}