{
    "devel": {
        "eer_point": 0.07531744651243694,
        "eer_th": 0.5763794652667952
    }
}