{
    "devel": {
        "eer_point": 0.1011235955056183,
        "eer_th": 0.581293792804976
    }
}