{
    "devel": {
        "eer_point": 0.07023705004389806,
        "eer_th": 0.5429405786504792
    }
}