{
    "devel": {
        "eer_point": 0.07410972088546672,
        "eer_th": 0.5461674584152343
    }
}