{
    "csmad_attack/STAND/E/Mask_atk_E2_i3_043": 0.48259788751602173,
    "csmad_attack/STAND/E/Mask_atk_E2_i1_041": 0.4585723876953125,
    "csmad_attack/STAND/E/Mask_atk_E1_i2_038": 0.6193503737449646,
    "csmad_attack/STAND/E/Mask_atk_E1_i3_039": 0.29758715629577637,
    "csmad_attack/STAND/E/Mask_atk_E1_i0_036": 0.5343921184539795,
    "csmad_attack/STAND/E/Mask_atk_E2_i2_042": 0.8544973134994507,
    "csmad_attack/STAND/E/Mask_atk_E1_i1_037": 0.6170994639396667,
    "csmad_attack/STAND/E/Mask_atk_E2_i0_040": 0.5506092309951782,
    "csmad_attack/STAND/F/Mask_atk_F2_i2_051": 0.7478145360946655,
    "csmad_attack/STAND/F/Mask_atk_F2_i0_048": 0.5509442090988159,
    "csmad_attack/STAND/F/Mask_atk_F2_i1_049": 0.681888222694397,
    "csmad_attack/STAND/F/Mask_atk_F1_i0_044": 0.790719211101532,
    "csmad_attack/STAND/F/Mask_atk_F2_i3_052": 0.6646689176559448,
    "csmad_attack/STAND/F/Mask_atk_F1_i3_047": 0.39005905389785767,
    "csmad_attack/STAND/F/Mask_atk_F2_i1_050": 0.6468462944030762,
    "csmad_attack/STAND/F/Mask_atk_F1_i1_045": 0.8317058682441711,
    "csmad_attack/STAND/F/Mask_atk_F1_i2_046": 0.8958425521850586,
    "csmad_attack/WEAR/E/E_atk_E2_i2_039": 0.8504434823989868,
    "csmad_attack/WEAR/E/E_atk_E2_i3_040": 0.4098202586174011,
    "csmad_attack/WEAR/E/F_atk_E2_i3_050": 0.3985416293144226,
    "csmad_attack/WEAR/E/E_atk_E2_i0_037": 0.4867674708366394,
    "csmad_attack/WEAR/E/E_atk_E2_i1_038": 0.726798415184021,
    "csmad_attack/WEAR/E/F_atk_E1_i2_045": 0.758238673210144,
    "csmad_attack/WEAR/E/F_atk_E2_i1_048": 0.5144045948982239,
    "csmad_attack/WEAR/E/E_atk_E1_i2_035": 0.8914945125579834,
    "csmad_attack/WEAR/E/E_atk_E1_i1_034": 0.8187770843505859,
    "csmad_attack/WEAR/E/E_atk_E1_i3_036": 0.5544393062591553,
    "csmad_attack/WEAR/E/F_atk_E2_i2_049": 0.5898960828781128,
    "csmad_attack/WEAR/E/F_atk_E2_i0_047": 0.38655227422714233,
    "csmad_attack/WEAR/E/F_atk_E1_i0_043": 0.5912781953811646,
    "csmad_attack/WEAR/E/F_atk_E1_i1_044": 0.6356748342514038,
    "csmad_attack/WEAR/E/E_atk_E1_i0_033": 0.6211397647857666,
    "csmad_attack/WEAR/E/F_atk_E1_i3_046": 0.5306301116943359,
    "csmad_attack/WEAR/F/F_atk_F1_i0_051": 0.846788763999939,
    "csmad_attack/WEAR/F/F_atk_F2_i3_060": 0.4200529456138611,
    "csmad_attack/WEAR/F/E_atk_F2_i1_047": 0.6427780389785767,
    "csmad_attack/WEAR/F/F_atk_F1_i2_053": 0.871879518032074,
    "csmad_attack/WEAR/F/F_atk_F2_i1_056": 0.6400873064994812,
    "csmad_attack/WEAR/F/F_atk_F2_i2_059": 0.7824874520301819,
    "csmad_attack/WEAR/F/F_atk_F1_i3_054": 0.6040576696395874,
    "csmad_attack/WEAR/F/E_atk_F1_i3_045": 0.6770395040512085,
    "csmad_attack/WEAR/F/F_atk_F2_i0_055": 0.33795052766799927,
    "csmad_attack/WEAR/F/E_atk_F2_i0_046": 0.6253224611282349,
    "csmad_attack/WEAR/F/F_atk_F1_i1_052": 0.7928498387336731,
    "csmad_attack/WEAR/F/E_atk_F1_i0_041": 0.8022221922874451,
    "csmad_attack/WEAR/F/E_atk_F1_i2_044": 0.8653727173805237,
    "csmad_attack/WEAR/F/E_atk_F2_i2_048": 0.8095160722732544,
    "csmad_attack/WEAR/F/E_atk_F2_i3_049": 0.46200257539749146,
    "csmad_attack/WEAR/F/E_atk_F1_i1_043": 0.8494583964347839,
    "csmad_bonafide/E/E_gen_i1_004": 0.5968625545501709,
    "csmad_bonafide/E/E_gen_i2_005": 0.8933916687965393,
    "csmad_bonafide/E/E_gen_i3_006": 0.46952223777770996,
    "csmad_bonafide/E/E_gen_i0_003": 0.4720238447189331,
    "csmad_bonafide/F/F_gen_i1_008": 0.7520949840545654,
    "csmad_bonafide/F/F_gen_i3_010": 0.12757492065429688,
    "csmad_bonafide/F/F_gen_i0_007": 0.09983497858047485,
    "csmad_bonafide/F/F_gen_i2_009": 0.7208220958709717,
    "csmad_bonafide/M/M_genglasses_i3_016": 0.24437832832336426,
    "csmad_bonafide/M/M_gen_i0_009": 0.08085119724273682,
    "csmad_bonafide/M/M_gen_i2_011": 0.6724323034286499,
    "csmad_bonafide/M/M_genglasses_i0_013": 0.16792410612106323,
    "csmad_bonafide/M/M_gen_i1_010": 0.45206648111343384,
    "csmad_bonafide/M/M_genglasses_i1_014": 0.35020017623901367,
    "csmad_bonafide/M/M_gen_i3_012": 0.09578573703765869,
    "csmad_bonafide/M/M_genglasses_i2_015": 0.8871803879737854,
    "csmad_bonafide/N/N_genglasses_i0_021": 0.8299939036369324,
    "csmad_bonafide/N/N_genglasses_i2_023": 0.4688529372215271,
    "csmad_bonafide/N/N_genglasses_i1_022": 0.583694577217102,
    "csmad_bonafide/N/N_gen_i2_019": 0.5677555203437805,
    "csmad_bonafide/N/N_genglasses_i3_024": 0.7240296006202698,
    "csmad_bonafide/N/N_gen_i3_020": 0.6204231381416321,
    "csmad_bonafide/N/N_gen_i0_017": 0.15429091453552246,
    "csmad_bonafide/N/N_gen_i1_018": 0.8535829186439514
}