{
    "devel": {
        "eer_point": 0.07701019252546236,
        "eer_th": 0.6011006698467294
    }
}