{
    "siw_Train/spoof/156/156-2-3-1-1.mov": 0.9653529524803162,
    "siw_Train/spoof/156/156-1-3-2-2.mov": 0.9980100989341736,
    "siw_Train/spoof/156/156-1-3-3-1.mov": 0.998163640499115,
    "siw_Train/spoof/156/156-2-3-2-2.mov": 0.9872555732727051,
    "siw_Train/spoof/156/156-2-3-3-1.mov": 0.996799647808075,
    "siw_Train/spoof/156/156-1-3-4-2.mov": 0.9873222708702087,
    "siw_Train/spoof/156/156-1-3-1-2.mov": 0.9821881651878357,
    "siw_Train/spoof/156/156-1-3-2-1.mov": 0.99968022108078,
    "siw_Train/spoof/156/156-2-3-1-2.mov": 0.9536194205284119,
    "siw_Train/spoof/156/156-2-3-2-1.mov": 0.9948123693466187,
    "siw_Train/spoof/156/156-1-3-3-2.mov": 0.9997324347496033,
    "siw_Train/spoof/156/156-1-3-4-1.mov": 0.977931022644043,
    "siw_Train/spoof/156/156-1-3-1-1.mov": 0.9938618540763855,
    "siw_Train/spoof/156/156-2-3-3-2.mov": 0.9771969318389893,
    "siw_Train/spoof/151/151-2-3-1-2.mov": 0.6537621021270752,
    "siw_Train/spoof/151/151-2-3-2-1.mov": 0.9961704611778259,
    "siw_Train/spoof/151/151-1-3-3-2.mov": 0.9994745850563049,
    "siw_Train/spoof/151/151-1-3-4-1.mov": 0.9934166669845581,
    "siw_Train/spoof/151/151-1-3-1-1.mov": 0.97484290599823,
    "siw_Train/spoof/151/151-2-3-3-2.mov": 0.951712429523468,
    "siw_Train/spoof/151/151-2-3-1-1.mov": 0.8629797101020813,
    "siw_Train/spoof/151/151-1-3-2-2.mov": 0.9829960465431213,
    "siw_Train/spoof/151/151-1-3-3-1.mov": 0.9917913675308228,
    "siw_Train/spoof/151/151-2-3-2-2.mov": 0.9629772305488586,
    "siw_Train/spoof/151/151-2-3-3-1.mov": 0.9479233026504517,
    "siw_Train/spoof/151/151-1-3-4-2.mov": 0.9830986857414246,
    "siw_Train/spoof/151/151-1-3-1-2.mov": 0.8052034378051758,
    "siw_Train/spoof/151/151-1-3-2-1.mov": 0.9932413697242737,
    "siw_Train/spoof/160/160-2-3-1-2.mov": 0.9418992400169373,
    "siw_Train/spoof/160/160-2-3-2-1.mov": 0.906058669090271,
    "siw_Train/spoof/160/160-1-3-3-2.mov": 0.9994400143623352,
    "siw_Train/spoof/160/160-1-3-4-1.mov": 0.9970552921295166,
    "siw_Train/spoof/160/160-1-3-1-1.mov": 0.9950422048568726,
    "siw_Train/spoof/160/160-2-3-3-2.mov": 0.9871757626533508,
    "siw_Train/spoof/160/160-2-3-1-1.mov": 0.9972830414772034,
    "siw_Train/spoof/160/160-1-3-2-2.mov": 0.9980610609054565,
    "siw_Train/spoof/160/160-1-3-3-1.mov": 0.999729335308075,
    "siw_Train/spoof/160/160-2-3-2-2.mov": 0.982352614402771,
    "siw_Train/spoof/160/160-2-3-3-1.mov": 0.9740713834762573,
    "siw_Train/spoof/160/160-1-3-4-2.mov": 0.9967365264892578,
    "siw_Train/spoof/160/160-1-3-1-2.mov": 0.9652397632598877,
    "siw_Train/spoof/160/160-1-3-2-1.mov": 0.9988563060760498,
    "siw_Train/spoof/152/152-2-3-2-1.mov": 0.9993784427642822,
    "siw_Train/spoof/152/152-1-3-3-2.mov": 0.9998023509979248,
    "siw_Train/spoof/152/152-1-3-4-1.mov": 0.9819739460945129,
    "siw_Train/spoof/152/152-2-3-3-2.mov": 0.9944509267807007,
    "siw_Train/spoof/152/152-1-3-1-1.mov": 0.9767493009567261,
    "siw_Train/spoof/152/152-2-3-1-1.mov": 0.9871969223022461,
    "siw_Train/spoof/152/152-1-3-2-2.mov": 0.9988422989845276,
    "siw_Train/spoof/152/152-1-3-3-1.mov": 0.9985653758049011,
    "siw_Train/spoof/152/152-2-3-2-2.mov": 0.9972255229949951,
    "siw_Train/spoof/152/152-2-3-3-1.mov": 0.9814848899841309,
    "siw_Train/spoof/152/152-1-3-4-2.mov": 0.9943423271179199,
    "siw_Train/spoof/152/152-1-3-1-2.mov": 0.9816545844078064,
    "siw_Train/spoof/152/152-1-3-2-1.mov": 0.9983634352684021,
    "siw_Train/spoof/152/152-2-3-1-2.mov": 0.9730459451675415,
    "siw_Train/spoof/159/159-1-3-4-2.mov": 0.9757972955703735,
    "siw_Train/spoof/159/159-1-3-1-2.mov": 0.7578601837158203,
    "siw_Train/spoof/159/159-1-3-2-1.mov": 0.9972125887870789,
    "siw_Train/spoof/159/159-2-3-1-2.mov": 0.7647830247879028,
    "siw_Train/spoof/159/159-2-3-2-1.mov": 0.9325901865959167,
    "siw_Train/spoof/159/159-1-3-3-2.mov": 0.9906734824180603,
    "siw_Train/spoof/159/159-1-3-4-1.mov": 0.9949790239334106,
    "siw_Train/spoof/159/159-1-3-1-1.mov": 0.8134624361991882,
    "siw_Train/spoof/159/159-2-3-3-2.mov": 0.9877234697341919,
    "siw_Train/spoof/159/159-2-3-1-1.mov": 0.7381836175918579,
    "siw_Train/spoof/159/159-1-3-2-2.mov": 0.9992988109588623,
    "siw_Train/spoof/159/159-1-3-3-1.mov": 0.9980010390281677,
    "siw_Train/spoof/159/159-2-3-2-2.mov": 0.9968684911727905,
    "siw_Train/spoof/159/159-2-3-3-1.mov": 0.9587952494621277,
    "siw_Train/spoof/164/164-2-3-1-1.mov": 0.9992113709449768,
    "siw_Train/spoof/164/164-1-3-2-2.mov": 0.9998248815536499,
    "siw_Train/spoof/164/164-1-3-3-1.mov": 0.9991586804389954,
    "siw_Train/spoof/164/164-2-3-2-2.mov": 0.9988880157470703,
    "siw_Train/spoof/164/164-2-3-3-1.mov": 0.9984806180000305,
    "siw_Train/spoof/164/164-1-3-4-2.mov": 0.9941936135292053,
    "siw_Train/spoof/164/164-1-3-1-2.mov": 0.9984711408615112,
    "siw_Train/spoof/164/164-1-3-2-1.mov": 0.9955503344535828,
    "siw_Train/spoof/164/164-2-3-4-2.mov": 0.983949601650238,
    "siw_Train/spoof/164/164-2-3-1-2.mov": 0.9932663440704346,
    "siw_Train/spoof/164/164-2-3-2-1.mov": 0.9985382556915283,
    "siw_Train/spoof/164/164-1-3-3-2.mov": 0.9999712109565735,
    "siw_Train/spoof/164/164-1-3-4-1.mov": 0.9966533184051514,
    "siw_Train/spoof/164/164-1-3-1-1.mov": 0.9980244040489197,
    "siw_Train/spoof/164/164-2-3-3-2.mov": 0.999322772026062,
    "siw_Train/spoof/164/164-2-3-4-1.mov": 0.9862052202224731,
    "siw_Train/spoof/150/150-1-3-1-2.mov": 0.9943538904190063,
    "siw_Train/spoof/150/150-1-3-2-1.mov": 0.9926407933235168,
    "siw_Train/spoof/150/150-2-3-1-2.mov": 0.9976601600646973,
    "siw_Train/spoof/150/150-2-3-2-1.mov": 0.9742122888565063,
    "siw_Train/spoof/150/150-1-3-3-2.mov": 0.9996712803840637,
    "siw_Train/spoof/150/150-1-3-4-1.mov": 0.9969059824943542,
    "siw_Train/spoof/150/150-1-3-1-1.mov": 0.9959511756896973,
    "siw_Train/spoof/150/150-2-3-3-2.mov": 0.9964207410812378,
    "siw_Train/spoof/150/150-2-3-1-1.mov": 0.9878232479095459,
    "siw_Train/spoof/150/150-1-3-2-2.mov": 0.9104524254798889,
    "siw_Train/spoof/150/150-1-3-3-1.mov": 0.9995794892311096,
    "siw_Train/spoof/150/150-2-3-2-2.mov": 0.978582501411438,
    "siw_Train/spoof/150/150-2-3-3-1.mov": 0.9922733902931213,
    "siw_Train/spoof/150/150-1-3-4-2.mov": 0.9859971404075623,
    "siw_Train/spoof/162/162-1-3-1-1.mov": 0.9918033480644226,
    "siw_Train/spoof/162/162-2-3-3-2.mov": 0.9626734852790833,
    "siw_Train/spoof/162/162-2-3-4-1.mov": 0.9929999709129333,
    "siw_Train/spoof/162/162-2-3-1-1.mov": 0.9831568598747253,
    "siw_Train/spoof/162/162-1-3-2-2.mov": 0.9982113242149353,
    "siw_Train/spoof/162/162-1-3-3-1.mov": 0.9993783235549927,
    "siw_Train/spoof/162/162-2-3-2-2.mov": 0.9988312721252441,
    "siw_Train/spoof/162/162-2-3-3-1.mov": 0.9868494272232056,
    "siw_Train/spoof/162/162-1-3-4-2.mov": 0.9937446713447571,
    "siw_Train/spoof/162/162-1-3-1-2.mov": 0.9883918762207031,
    "siw_Train/spoof/162/162-1-3-2-1.mov": 0.9940062165260315,
    "siw_Train/spoof/162/162-2-3-4-2.mov": 0.8683367371559143,
    "siw_Train/spoof/162/162-2-3-1-2.mov": 0.8051173686981201,
    "siw_Train/spoof/162/162-2-3-2-1.mov": 0.9965709447860718,
    "siw_Train/spoof/162/162-1-3-3-2.mov": 0.9986773729324341,
    "siw_Train/spoof/162/162-1-3-4-1.mov": 0.9955334067344666,
    "siw_Train/spoof/157/157-2-3-2-2.mov": 0.9678524732589722,
    "siw_Train/spoof/157/157-2-3-3-1.mov": 0.994159996509552,
    "siw_Train/spoof/157/157-1-3-4-2.mov": 0.8674026727676392,
    "siw_Train/spoof/157/157-1-3-1-2.mov": 0.9926594495773315,
    "siw_Train/spoof/157/157-1-3-2-1.mov": 0.7520573139190674,
    "siw_Train/spoof/157/157-2-3-1-2.mov": 0.9891949892044067,
    "siw_Train/spoof/157/157-2-3-2-1.mov": 0.9817901253700256,
    "siw_Train/spoof/157/157-1-3-3-2.mov": 0.9988335371017456,
    "siw_Train/spoof/157/157-1-3-4-1.mov": 0.9949657320976257,
    "siw_Train/spoof/157/157-1-3-1-1.mov": 0.9829716682434082,
    "siw_Train/spoof/157/157-2-3-3-2.mov": 0.9929217100143433,