{
    "threedmad_Data/11_02_02.avi": 0.1581907868385315,
    "threedmad_Data/08_01_03.avi": 0.19413626194000244,
    "threedmad_Data/12_01_02.avi": 0.1563265323638916,
    "threedmad_Data/09_01_05.avi": 0.06020998954772949,
    "threedmad_Data/09_01_04.avi": 0.0535244345664978,
    "threedmad_Data/12_01_05.avi": 0.12001919746398926,
    "threedmad_Data/12_02_02.avi": 0.13404333591461182,
    "threedmad_Data/12_02_05.avi": 0.15860527753829956,
    "threedmad_Data/09_03_04.avi": 0.5807318687438965,
    "threedmad_Data/10_01_02.avi": 0.200100839138031,
    "threedmad_Data/10_02_03.avi": 0.5138412714004517,
    "threedmad_Data/12_03_03.avi": 0.7324491739273071,
    "threedmad_Data/08_01_02.avi": 0.13844001293182373,
    "threedmad_Data/10_02_04.avi": 0.610488772392273,
    "threedmad_Data/10_02_02.avi": 0.31365203857421875,
    "threedmad_Data/08_02_01.avi": 0.11937946081161499,
    "threedmad_Data/09_03_02.avi": 0.6058258414268494,
    "threedmad_Data/09_02_03.avi": 0.04893016815185547,
    "threedmad_Data/12_03_02.avi": 0.7272751927375793,
    "threedmad_Data/12_01_04.avi": 0.06848585605621338,
    "threedmad_Data/08_03_04.avi": 0.7067819833755493,
    "threedmad_Data/10_01_05.avi": 0.3453071713447571,
    "threedmad_Data/10_03_01.avi": 0.5167437195777893,
    "threedmad_Data/11_03_03.avi": 0.7180260419845581,
    "threedmad_Data/11_01_01.avi": 0.15809166431427002,
    "threedmad_Data/10_02_01.avi": 0.36354494094848633,
    "threedmad_Data/12_02_03.avi": 0.10906058549880981,
    "threedmad_Data/12_03_01.avi": 0.7388982772827148,
    "threedmad_Data/11_01_04.avi": 0.14297986030578613,
    "threedmad_Data/11_03_05.avi": 0.7480831742286682,
    "threedmad_Data/08_01_04.avi": 0.29888129234313965,
    "threedmad_Data/10_02_05.avi": 0.352985143661499,
    "threedmad_Data/09_03_03.avi": 0.6575564742088318,
    "threedmad_Data/11_01_03.avi": 0.1286107897758484,
    "threedmad_Data/09_01_01.avi": 0.20355355739593506,
    "threedmad_Data/10_01_04.avi": 0.17375153303146362,
    "threedmad_Data/11_02_05.avi": 0.16227734088897705,
    "threedmad_Data/11_02_01.avi": 0.15286505222320557,
    "threedmad_Data/09_01_03.avi": 0.07731115818023682,
    "threedmad_Data/08_02_02.avi": 0.14445263147354126,
    "threedmad_Data/09_03_05.avi": 0.6214404702186584,
    "threedmad_Data/10_03_05.avi": 0.6561490297317505,
    "threedmad_Data/08_02_03.avi": 0.10962474346160889,
    "threedmad_Data/09_02_04.avi": 0.0676274299621582,
    "threedmad_Data/11_03_02.avi": 0.7299491167068481,
    "threedmad_Data/11_02_04.avi": 0.12786853313446045,
    "threedmad_Data/08_03_02.avi": 0.7005139589309692,
    "threedmad_Data/11_02_03.avi": 0.1803569793701172,
    "threedmad_Data/12_01_03.avi": 0.18466687202453613,
    "threedmad_Data/12_02_01.avi": 0.14405488967895508,
    "threedmad_Data/09_02_02.avi": 0.09302854537963867,
    "threedmad_Data/08_03_01.avi": 0.6918197870254517,
    "threedmad_Data/11_01_02.avi": 0.10520070791244507,
    "threedmad_Data/12_03_04.avi": 0.7092257738113403,
    "threedmad_Data/09_03_01.avi": 0.5803909301757812,
    "threedmad_Data/10_03_04.avi": 0.4785239100456238,
    "threedmad_Data/10_03_03.avi": 0.6548688411712646,
    "threedmad_Data/08_02_04.avi": 0.21919649839401245,
    "threedmad_Data/08_01_05.avi": 0.13589763641357422,
    "threedmad_Data/09_02_05.avi": 0.08423280715942383,
    "threedmad_Data/11_03_01.avi": 0.673186182975769,
    "threedmad_Data/08_01_01.avi": 0.14328336715698242,
    "threedmad_Data/09_01_02.avi": 0.08156770467758179,
    "threedmad_Data/12_03_05.avi": 0.7274823188781738,
    "threedmad_Data/12_02_04.avi": 0.22392314672470093,
    "threedmad_Data/11_03_04.avi": 0.7691627740859985,
    "threedmad_Data/10_01_01.avi": 0.2643544673919678,
    "threedmad_Data/10_03_02.avi": 0.6035125851631165,
    "threedmad_Data/12_01_01.avi": 0.3044400215148926,
    "threedmad_Data/08_03_03.avi": 0.6502305865287781,
    "threedmad_Data/08_03_05.avi": 0.6801658868789673,
    "threedmad_Data/10_01_03.avi": 0.23633229732513428,
    "threedmad_Data/09_02_01.avi": 0.08345335721969604,
    "threedmad_Data/08_02_05.avi": 0.16776782274246216,
    "threedmad_Data/11_01_05.avi": 0.1783510446548462
}