{
    "devel": {
        "eer_point": 0.033333333333788816,
        "eer_th": 0.8057499170314653
    }
}