{
    "devel": {
        "eer_point": 0.0741964553927429,
        "eer_th": 0.5592564344432107
    }
}