{
    "devel": {
        "eer_point": 0.09735744088984163,
        "eer_th": 0.408032357692274
    }
}