{
    "devel": {
        "eer_point": 0.06710504130799172,
        "eer_th": 0.5477513599058831
    }
}