{
    "devel": {
        "eer_point": 0.08538899430740045,
        "eer_th": 0.5689631685638512
    }
}