{
    "devel": {
        "eer_point": 0.03571428571510238,
        "eer_th": 0.5808160305024961
    }
}