{
    "csmad_attack/STAND/A/Mask_atk_A2_i3_009": 0.7257777452468872,
    "csmad_attack/STAND/A/Mask_atk_A1_i1_002": 0.7496657967567444,
    "csmad_attack/STAND/A/Mask_atk_A1_i0_001": 0.6852564811706543,
    "csmad_attack/STAND/A/Mask_atk_A2_i0_006": 0.6775944232940674,
    "csmad_attack/STAND/A/Mask_atk_A1_i3_004": 0.7209187746047974,
    "csmad_attack/STAND/A/Mask_atk_A1_i2_003": 0.7520882487297058,
    "csmad_attack/STAND/A/Mask_atk_A2_i2_008": 0.7299127578735352,
    "csmad_attack/STAND/A/Mask_atk_A2_i1_007": 0.7145031690597534,
    "csmad_attack/STAND/D/Mask_atk_D1_i1_029": 0.7789976000785828,
    "csmad_attack/STAND/D/Mask_atk_D1_i3_031": 0.7892274260520935,
    "csmad_attack/STAND/D/Mask_atk_D2_i2_034": 0.7483404874801636,
    "csmad_attack/STAND/D/Mask_atk_D2_i1_033": 0.7594613432884216,
    "csmad_attack/STAND/D/Mask_atk_D1_i2_030": 0.7609012126922607,
    "csmad_attack/STAND/D/Mask_atk_D1_i0_028": 0.6957424283027649,
    "csmad_attack/STAND/D/Mask_atk_D2_i3_035": 0.7895155549049377,
    "csmad_attack/STAND/D/Mask_atk_D2_i0_032": 0.733742356300354,
    "csmad_attack/WEAR/A/F_atk_A2_i1_016": 0.7315148115158081,
    "csmad_attack/WEAR/A/F_atk_A1_i0_011": 0.5427956581115723,
    "csmad_attack/WEAR/A/E_atk_A2_i3_008": 0.6463378667831421,
    "csmad_attack/WEAR/A/E_atk_A1_i2_003": 0.7218124866485596,
    "csmad_attack/WEAR/A/E_atk_A2_i1_006": 0.7524863481521606,
    "csmad_attack/WEAR/A/F_atk_A2_i3_018": 0.7070630192756653,
    "csmad_attack/WEAR/A/F_atk_A1_i1_012": 0.6852306127548218,
    "csmad_attack/WEAR/A/E_atk_A1_i0_001": 0.6177213191986084,
    "csmad_attack/WEAR/A/E_atk_A2_i2_007": 0.6231034994125366,
    "csmad_attack/WEAR/A/F_atk_A2_i2_017": 0.6234451532363892,
    "csmad_attack/WEAR/A/E_atk_A2_i0_005": 0.583147406578064,
    "csmad_attack/WEAR/A/F_atk_A1_i2_013": 0.6173055171966553,
    "csmad_attack/WEAR/A/E_atk_A1_i3_004": 0.6404045820236206,
    "csmad_attack/WEAR/A/F_atk_A1_i3_014": 0.6823142170906067,
    "csmad_attack/WEAR/A/E_atk_A1_i1_002": 0.6883271336555481,
    "csmad_attack/WEAR/A/F_atk_A2_i0_015": 0.7495859265327454,
    "csmad_attack/WEAR/D/E_atk_D1_i1_026": 0.6639484167098999,
    "csmad_attack/WEAR/D/F_atk_D2_i1_040": 0.631431519985199,
    "csmad_attack/WEAR/D/F_atk_D1_i2_037": 0.6469627618789673,
    "csmad_attack/WEAR/D/E_atk_D2_i2_031": 0.6608978509902954,
    "csmad_attack/WEAR/D/E_atk_D3_i2_053": 0.7309218645095825,
    "csmad_attack/WEAR/D/F_atk_D1_i0_035": 0.6599246859550476,
    "csmad_attack/WEAR/D/E_atk_D2_i3_032": 0.6590912342071533,
    "csmad_attack/WEAR/D/E_atk_D1_i0_025": 0.608512818813324,
    "csmad_attack/WEAR/D/E_atk_D3_i0_050": 0.5707966089248657,
    "csmad_attack/WEAR/D/F_atk_D3_i2_063": 0.62790447473526,
    "csmad_attack/WEAR/D/E_atk_D3_i1_051": 0.6214030385017395,
    "csmad_attack/WEAR/D/F_atk_D3_i1_062": 0.7080965638160706,
    "csmad_attack/WEAR/D/F_atk_D3_i3_064": 0.6529368162155151,
    "csmad_attack/WEAR/D/F_atk_D2_i0_039": 0.6016395688056946,
    "csmad_attack/WEAR/D/E_atk_D1_i2_027": 0.6599891185760498,
    "csmad_attack/WEAR/D/E_atk_D2_i1_030": 0.6427735686302185,
    "csmad_attack/WEAR/D/E_atk_D3_i3_054": 0.6321340799331665,
    "csmad_attack/WEAR/D/E_atk_D1_i3_028": 0.6391597390174866,
    "csmad_attack/WEAR/D/F_atk_D1_i3_038": 0.6469293236732483,
    "csmad_attack/WEAR/D/F_atk_D2_i2_041": 0.5947309732437134,
    "csmad_attack/WEAR/D/F_atk_D2_i3_042": 0.6558718681335449,
    "csmad_attack/WEAR/D/E_atk_D2_i0_029": 0.663777232170105,
    "csmad_attack/WEAR/D/F_atk_D3_i0_061": 0.5859667658805847,
    "csmad_attack/WEAR/D/F_atk_D1_i1_036": 0.6610446572303772,
    "csmad_bonafide/A/A_gen_i3_064": 0.47551095485687256,
    "csmad_bonafide/A/A_gen_i2_063": 0.5808160305023193,
    "csmad_bonafide/A/A_gen_i1_062": 0.5554254055023193,
    "csmad_bonafide/A/A_gen_i0_061": 0.4666288495063782,
    "csmad_bonafide/D/D_gen_i2_004": 0.49850475788116455,
    "csmad_bonafide/D/D_genglasses_i2_003": 0.3133482336997986,
    "csmad_bonafide/D/D_genglasses_i1_002": 0.4121010899543762,
    "csmad_bonafide/D/D_gen_i1_003": 0.5770132541656494,
    "csmad_bonafide/D/D_genglasses_i3_004": 0.21375107765197754,
    "csmad_bonafide/D/D_gen_i3_005": 0.5286157131195068,
    "csmad_bonafide/D/D_gen_i0_001": 0.467257559299469,
    "csmad_bonafide/D/D_genglasses_i0_001": 0.14212405681610107,
    "csmad_bonafide/G/G_gen_i1_006": 0.5339236259460449,
    "csmad_bonafide/G/G_gen_i0_005": 0.5297459363937378,
    "csmad_bonafide/G/G_gen_i2_007": 0.47356343269348145,
    "csmad_bonafide/G/G_gen_i3_008": 0.4902647137641907,
    "csmad_bonafide/H/H_gen_i1_010": 0.4915686845779419,
    "csmad_bonafide/H/H_gen_i2_011": 0.3702033758163452,
    "csmad_bonafide/H/H_gen_i0_009": 0.32764238119125366,
    "csmad_bonafide/H/H_gen_i3_012": 0.3846842646598816,
    "csmad_bonafide/I/I_gen_i2_015": 0.40047526359558105,
    "csmad_bonafide/I/I_gen_i3_016": 0.3983438014984131,
    "csmad_bonafide/I/I_gen_i1_014": 0.44418299198150635,
    "csmad_bonafide/I/I_gen_i0_013": 0.4243866205215454
}