{
    "devel": {
        "eer_point": 0.051923270061263245,
        "eer_th": 0.6337035394186605
    }
}