{
    "devel": {
        "eer_point": 0.035156250001230786,
        "eer_th": 0.5837978124683698
    }
}