{
    "devel": {
        "eer_point": 0.09999999999999996,
        "eer_th": 0.7596911787986754
    }
}