{
    "hkbu_s1/06_01_01.mp4": 0.031243503093719482,
    "hkbu_s1/06_01_02.mp4": 0.01002800464630127,
    "hkbu_s1/06_01_03.mp4": 0.01695913076400757,
    "hkbu_s1/06_01_04.mp4": 0.018092095851898193,
    "hkbu_s1/06_01_05.mp4": 0.008272886276245117,
    "hkbu_s1/07_01_01.mp4": 0.0209120512008667,
    "hkbu_s1/07_01_02.mp4": 0.029359757900238037,
    "hkbu_s1/07_01_03.mp4": 0.029395222663879395,
    "hkbu_s1/07_01_04.mp4": 0.025575637817382812,
    "hkbu_s1/07_01_05.mp4": 0.02475529909133911,
    "hkbu_s2/06_02_01.mp4": 0.014567911624908447,
    "hkbu_s2/06_02_02.mp4": 0.029147326946258545,
    "hkbu_s2/06_02_03.mp4": 0.026906609535217285,
    "hkbu_s2/06_02_04.mp4": 0.0230100154876709,
    "hkbu_s2/06_02_05.mp4": 0.025077462196350098,
    "hkbu_s2/07_02_01.mp4": 0.019042134284973145,
    "hkbu_s2/07_02_02.mp4": 0.025072455406188965,
    "hkbu_s2/07_02_03.mp4": 0.02939051389694214,
    "hkbu_s2/07_02_04.mp4": 0.022193849086761475,
    "hkbu_s2/07_02_05.mp4": 0.020114362239837646,
    "hkbu_s3/06_03_01.mp4": 0.331341028213501,
    "hkbu_s3/06_03_02.mp4": 0.4697433114051819,
    "hkbu_s3/06_03_03.mp4": 0.325167715549469,
    "hkbu_s3/06_03_04.mp4": 0.48414528369903564,
    "hkbu_s3/06_03_05.mp4": 0.48234128952026367,
    "hkbu_s3/07_03_01.mp4": 0.40950971841812134,
    "hkbu_s3/07_03_02.mp4": 0.47483038902282715,
    "hkbu_s3/07_03_03.mp4": 0.49742043018341064,
    "hkbu_s3/07_03_04.mp4": 0.4074312448501587,
    "hkbu_s3/07_03_05.mp4": 0.4891647696495056
}