{
    "devel": {
        "eer_point": 0.08784383318544993,
        "eer_th": 0.5443351475242635
    }
}