{
    "devel": {
        "eer_point": 0.3999999999999898,
        "eer_th": 0.5097748041152914
    }
}