{
    "siw_Train/spoof/156/156-2-3-1-1.mov": 0.9183556888367393,
    "siw_Train/spoof/156/156-1-3-2-2.mov": 0.9595706860346015,
    "siw_Train/spoof/156/156-1-3-3-1.mov": 0.8890258177391988,
    "siw_Train/spoof/156/156-2-3-2-2.mov": 0.9454685856570642,
    "siw_Train/spoof/156/156-2-3-3-1.mov": 0.8656271757151378,
    "siw_Train/spoof/156/156-1-3-4-2.mov": 1.0,
    "siw_Train/spoof/156/156-1-3-1-2.mov": 0.9321975728334112,
    "siw_Train/spoof/156/156-1-3-2-1.mov": 1.0,
    "siw_Train/spoof/156/156-2-3-1-2.mov": 0.9526032025022447,
    "siw_Train/spoof/156/156-2-3-2-1.mov": 0.9007736967689745,
    "siw_Train/spoof/156/156-1-3-3-2.mov": 0.8658406991380566,
    "siw_Train/spoof/156/156-1-3-4-1.mov": 0.9228247810231599,
    "siw_Train/spoof/156/156-1-3-1-1.mov": 0.8946645650036887,
    "siw_Train/spoof/156/156-2-3-3-2.mov": 0.8730730582686167,
    "siw_Train/spoof/151/151-2-3-1-2.mov": 0.9218008346464912,
    "siw_Train/spoof/151/151-2-3-2-1.mov": 0.9763940084296197,
    "siw_Train/spoof/151/151-1-3-3-2.mov": 0.9349825370192097,
    "siw_Train/spoof/151/151-1-3-4-1.mov": 1.0,
    "siw_Train/spoof/151/151-1-3-1-1.mov": 0.9463120713081286,
    "siw_Train/spoof/151/151-2-3-3-2.mov": 0.9112334800429626,
    "siw_Train/spoof/151/151-2-3-1-1.mov": 0.9195303955042662,
    "siw_Train/spoof/151/151-1-3-2-2.mov": 0.9845884254002902,
    "siw_Train/spoof/151/151-1-3-3-1.mov": 0.9743837276100636,
    "siw_Train/spoof/151/151-2-3-2-2.mov": 0.9242853830814983,
    "siw_Train/spoof/151/151-2-3-3-1.mov": 0.9104422119483626,
    "siw_Train/spoof/151/151-1-3-4-2.mov": 0.994411488859917,
    "siw_Train/spoof/151/151-1-3-1-2.mov": 0.9198690954538566,
    "siw_Train/spoof/151/151-1-3-2-1.mov": 1.0,
    "siw_Train/spoof/160/160-2-3-1-2.mov": 0.9505961395697451,
    "siw_Train/spoof/160/160-2-3-2-1.mov": 0.8956898645079372,
    "siw_Train/spoof/160/160-1-3-3-2.mov": 1.0,
    "siw_Train/spoof/160/160-1-3-4-1.mov": 0.9696505557102726,
    "siw_Train/spoof/160/160-1-3-1-1.mov": 0.804829560519473,
    "siw_Train/spoof/160/160-2-3-3-2.mov": 1.0,
    "siw_Train/spoof/160/160-2-3-1-1.mov": 0.9209019831746793,
    "siw_Train/spoof/160/160-1-3-2-2.mov": 1.0,
    "siw_Train/spoof/160/160-1-3-3-1.mov": 0.862857250118196,
    "siw_Train/spoof/160/160-2-3-2-2.mov": 0.9289532784924065,
    "siw_Train/spoof/160/160-2-3-3-1.mov": 0.7175006984343814,
    "siw_Train/spoof/160/160-1-3-4-2.mov": 0.9810596279428866,
    "siw_Train/spoof/160/160-1-3-1-2.mov": 0.8650111368240361,
    "siw_Train/spoof/160/160-1-3-2-1.mov": 0.9544602387150548,
    "siw_Train/spoof/152/152-2-3-2-1.mov": 0.9182211365711428,
    "siw_Train/spoof/152/152-1-3-3-2.mov": 0.898612204094743,
    "siw_Train/spoof/152/152-1-3-4-1.mov": 0.9957853750565663,
    "siw_Train/spoof/152/152-2-3-3-2.mov": 0.8272554057871879,
    "siw_Train/spoof/152/152-1-3-1-1.mov": 1.0,
    "siw_Train/spoof/152/152-2-3-1-1.mov": 0.9339107793208842,
    "siw_Train/spoof/152/152-1-3-2-2.mov": 1.0,
    "siw_Train/spoof/152/152-1-3-3-1.mov": 0.9858586068522377,
    "siw_Train/spoof/152/152-2-3-2-2.mov": 0.9082865382108795,
    "siw_Train/spoof/152/152-2-3-3-1.mov": 0.8809458653205633,
    "siw_Train/spoof/152/152-1-3-4-2.mov": 1.0,
    "siw_Train/spoof/152/152-1-3-1-2.mov": 0.9864634629548279,
    "siw_Train/spoof/152/152-1-3-2-1.mov": 1.0,
    "siw_Train/spoof/152/152-2-3-1-2.mov": 0.9074938293096659,
    "siw_Train/spoof/159/159-1-3-4-2.mov": 0.906251673425972,
    "siw_Train/spoof/159/159-1-3-1-2.mov": 0.9005928284353324,
    "siw_Train/spoof/159/159-1-3-2-1.mov": 1.0,
    "siw_Train/spoof/159/159-2-3-1-2.mov": 1.0,
    "siw_Train/spoof/159/159-2-3-2-1.mov": 0.8974865707132077,
    "siw_Train/spoof/159/159-1-3-3-2.mov": 0.7420021665021337,
    "siw_Train/spoof/159/159-1-3-4-1.mov": 0.9798648380147131,
    "siw_Train/spoof/159/159-1-3-1-1.mov": 0.7975044221027893,
    "siw_Train/spoof/159/159-2-3-3-2.mov": 0.7906201329676105,
    "siw_Train/spoof/159/159-2-3-1-1.mov": 0.8900065612371497,
    "siw_Train/spoof/159/159-1-3-2-2.mov": 0.9298325868087374,
    "siw_Train/spoof/159/159-1-3-3-1.mov": 0.8192104200447196,
    "siw_Train/spoof/159/159-2-3-2-2.mov": 0.9060256429385923,
    "siw_Train/spoof/159/159-2-3-3-1.mov": 0.8264677310915972,
    "siw_Train/spoof/164/164-2-3-1-1.mov": 0.9619855525344616,
    "siw_Train/spoof/164/164-1-3-2-2.mov": 0.9999317627927683,
    "siw_Train/spoof/164/164-1-3-3-1.mov": 0.9486132386911518,
    "siw_Train/spoof/164/164-2-3-2-2.mov": 0.9253067755629681,
    "siw_Train/spoof/164/164-2-3-3-1.mov": 0.9132463945711237,
    "siw_Train/spoof/164/164-1-3-4-2.mov": 0.9590295302930819,
    "siw_Train/spoof/164/164-1-3-1-2.mov": 0.9613619717355357,
    "siw_Train/spoof/164/164-1-3-2-1.mov": 0.9577555912138039,
    "siw_Train/spoof/164/164-2-3-4-2.mov": 0.8730266430641306,
    "siw_Train/spoof/164/164-2-3-1-2.mov": 0.9375040580342571,
    "siw_Train/spoof/164/164-2-3-2-1.mov": 0.9123453246085186,
    "siw_Train/spoof/164/164-1-3-3-2.mov": 0.9869615012440774,
    "siw_Train/spoof/164/164-1-3-4-1.mov": 0.9473395216809841,
    "siw_Train/spoof/164/164-1-3-1-1.mov": 0.9885224608690303,
    "siw_Train/spoof/164/164-2-3-3-2.mov": 0.8526553057557283,
    "siw_Train/spoof/164/164-2-3-4-1.mov": 0.9017673160263412,
    "siw_Train/spoof/150/150-1-3-1-2.mov": 0.9450083225847528,
    "siw_Train/spoof/150/150-1-3-2-1.mov": 1.0,
    "siw_Train/spoof/150/150-2-3-1-2.mov": 0.9324191334012492,
    "siw_Train/spoof/150/150-2-3-2-1.mov": 0.9903108479655597,
    "siw_Train/spoof/150/150-1-3-3-2.mov": 0.8743080313141046,
    "siw_Train/spoof/150/150-1-3-4-1.mov": 1.0,
    "siw_Train/spoof/150/150-1-3-1-1.mov": 0.9166643547192975,
    "siw_Train/spoof/150/150-2-3-3-2.mov": 0.916850410993353,
    "siw_Train/spoof/150/150-2-3-1-1.mov": 0.934764795943185,
    "siw_Train/spoof/150/150-1-3-2-2.mov": 0.9192392541499327,
    "siw_Train/spoof/150/150-1-3-3-1.mov": 0.9888181087425393,
    "siw_Train/spoof/150/150-2-3-2-2.mov": 0.9265664910266492,
    "siw_Train/spoof/150/150-2-3-3-1.mov": 0.9434135980599999,
    "siw_Train/spoof/150/150-1-3-4-2.mov": 1.0,
    "siw_Train/spoof/162/162-1-3-1-1.mov": 0.9041764464005503,
    "siw_Train/spoof/162/162-2-3-3-2.mov": 0.8476096646402969,
    "siw_Train/spoof/162/162-2-3-4-1.mov": 0.9454905331474425,
    "siw_Train/spoof/162/162-2-3-1-1.mov": 0.9213481971588297,
    "siw_Train/spoof/162/162-1-3-2-2.mov": 0.9521351550460265,
    "siw_Train/spoof/162/162-1-3-3-1.mov": 0.8309284398904419,
    "siw_Train/spoof/162/162-2-3-2-2.mov": 0.9623942564972582,
    "siw_Train/spoof/162/162-2-3-3-1.mov": 0.7297154683072632,
    "siw_Train/spoof/162/162-1-3-4-2.mov": 0.9982940236663916,
    "siw_Train/spoof/162/162-1-3-1-2.mov": 0.8284130702202338,
    "siw_Train/spoof/162/162-1-3-2-1.mov": 1.0,
    "siw_Train/spoof/162/162-2-3-4-2.mov": 0.9283771586732045,
    "siw_Train/spoof/162/162-2-3-1-2.mov": 0.8828127572838547,
    "siw_Train/spoof/162/162-2-3-2-1.mov": 1.0,
    "siw_Train/spoof/162/162-1-3-3-2.mov": 0.8284148340597892,
    "siw_Train/spoof/162/162-1-3-4-1.mov": 1.0,
    "siw_Train/spoof/157/157-2-3-2-2.mov": 0.9127840645770467,
    "siw_Train/spoof/157/157-2-3-3-1.mov": 1.0,
    "siw_Train/spoof/157/157-1-3-4-2.mov": 0.8977421768298695,
    "siw_Train/spoof/157/157-1-3-1-2.mov": 1.0,
    "siw_Train/spoof/157/157-1-3-2-1.mov": 0.9129367698371591,
    "siw_Train/spoof/157/157-2-3-1-2.mov": 0.970218110233192,
    "siw_Train/spoof/157/157-2-3-2-1.mov": 0.9637927646651807,
    "siw_Train/spoof/157/157-1-3-3-2.mov": 0.9702262264318987,
    "siw_Train/spoof/157/157-1-3-4-1.mov": 0.9154480889509625,
    "siw_Train/spoof/157/157-1-3-1-1.mov": 1.0,
    "siw_Train/spoof/157/157-2-3-3-2.mov": 1.0,
    "siw_Train/spoof/157/157-2-3-1-1.mov": 0.9192976980427247,
    "siw_Train/spoof/157/157-1-3-2-2.mov": 0.9608541931152903,
    "siw_Train/spoof/157/157-1-3-3-1.mov": 0.9673775888979878,
    "siw_Train/spoof/163/163-2-3-1-1.mov": 0.9024326730348339,
    "siw_Train/spoof/163/163-1-3-2-2.mov": 0.9840711498735454,