{
    "casia-fasd_test_release/1/6.avi": 1.0,
    "casia-fasd_test_release/1/1.avi": 0.8995821735941346,
    "casia-fasd_test_release/1/HR_4.avi": 1.0,
    "casia-fasd_test_release/1/HR_2.avi": 0.9723852650678954,
    "casia-fasd_test_release/1/5.avi": 0.9894643367900118,
    "casia-fasd_test_release/1/8.avi": 1.0,
    "casia-fasd_test_release/1/4.avi": 1.0,
    "casia-fasd_test_release/1/2.avi": 0.9039991669033015,
    "casia-fasd_test_release/1/HR_3.avi": 0.9865401096624554,
    "casia-fasd_test_release/1/7.avi": 1.0,
    "casia-fasd_test_release/1/HR_1.avi": 1.0,
    "casia-fasd_test_release/1/3.avi": 1.0,
    "casia-fasd_test_release/10/6.avi": 0.9813048286503818,
    "casia-fasd_test_release/10/1.avi": 0.9466986210086619,
    "casia-fasd_test_release/10/HR_4.avi": 1.0,
    "casia-fasd_test_release/10/HR_2.avi": 0.7238933765915879,
    "casia-fasd_test_release/10/5.avi": 0.8531204807488209,
    "casia-fasd_test_release/10/8.avi": 1.0,
    "casia-fasd_test_release/10/4.avi": 1.0,
    "casia-fasd_test_release/10/2.avi": 1.0,
    "casia-fasd_test_release/10/HR_3.avi": 0.8124255908671448,
    "casia-fasd_test_release/10/7.avi": 1.0,
    "casia-fasd_test_release/10/HR_1.avi": 0.6786426612096518,
    "casia-fasd_test_release/10/3.avi": 1.0,
    "casia-fasd_test_release/11/6.avi": 0.9654968687509308,
    "casia-fasd_test_release/11/1.avi": 0.8532957032566855,
    "casia-fasd_test_release/11/HR_4.avi": 1.0,
    "casia-fasd_test_release/11/HR_2.avi": 0.9211394878714559,
    "casia-fasd_test_release/11/5.avi": 0.8027474565455467,
    "casia-fasd_test_release/11/8.avi": 1.0,
    "casia-fasd_test_release/11/4.avi": 1.0,
    "casia-fasd_test_release/11/2.avi": 0.9359402000017353,
    "casia-fasd_test_release/11/HR_3.avi": 0.7353376757329411,
    "casia-fasd_test_release/11/7.avi": 1.0,
    "casia-fasd_test_release/11/HR_1.avi": 0.7123387331938745,
    "casia-fasd_test_release/11/3.avi": 0.8786076594530053,
    "casia-fasd_test_release/12/6.avi": 1.0,
    "casia-fasd_test_release/12/1.avi": 0.8257989297292174,
    "casia-fasd_test_release/12/HR_4.avi": 1.0,
    "casia-fasd_test_release/12/HR_2.avi": 0.7665612757139911,
    "casia-fasd_test_release/12/5.avi": 0.794906585551106,
    "casia-fasd_test_release/12/8.avi": 1.0,
    "casia-fasd_test_release/12/4.avi": 1.0,
    "casia-fasd_test_release/12/2.avi": 0.9021408233649217,
    "casia-fasd_test_release/12/HR_3.avi": 0.7191073131009967,
    "casia-fasd_test_release/12/7.avi": 1.0,
    "casia-fasd_test_release/12/HR_1.avi": 0.7789923166089734,
    "casia-fasd_test_release/12/3.avi": 0.8426412477462217,
    "casia-fasd_test_release/13/6.avi": 1.0,
    "casia-fasd_test_release/13/1.avi": 1.0,
    "casia-fasd_test_release/13/HR_4.avi": 1.0,
    "casia-fasd_test_release/13/HR_2.avi": 0.6907279091605861,
    "casia-fasd_test_release/13/5.avi": 0.9319153212833143,
    "casia-fasd_test_release/13/8.avi": 0.9724334973884061,
    "casia-fasd_test_release/13/4.avi": 1.0,
    "casia-fasd_test_release/13/2.avi": 1.0,
    "casia-fasd_test_release/13/HR_3.avi": 0.7570958204869642,
    "casia-fasd_test_release/13/7.avi": 1.0,
    "casia-fasd_test_release/13/HR_1.avi": 0.8945435418860873,
    "casia-fasd_test_release/13/3.avi": 1.0,
    "casia-fasd_test_release/14/6.avi": 1.0,
    "casia-fasd_test_release/14/1.avi": 0.8637361349266293,
    "casia-fasd_test_release/14/HR_4.avi": 1.0,
    "casia-fasd_test_release/14/HR_2.avi": 0.9107196818645257,
    "casia-fasd_test_release/14/5.avi": 0.7390844645063019,
    "casia-fasd_test_release/14/8.avi": 0.9933007086174853,
    "casia-fasd_test_release/14/4.avi": 1.0,
    "casia-fasd_test_release/14/2.avi": 1.0,
    "casia-fasd_test_release/14/HR_3.avi": 0.7674704207657692,
    "casia-fasd_test_release/14/7.avi": 1.0,
    "casia-fasd_test_release/14/HR_1.avi": 0.8330305511768236,
    "casia-fasd_test_release/14/3.avi": 0.9180959536039369,
    "casia-fasd_test_release/15/6.avi": 1.0,
    "casia-fasd_test_release/15/1.avi": 1.0,
    "casia-fasd_test_release/15/HR_4.avi": 1.0,
    "casia-fasd_test_release/15/HR_2.avi": 0.8205817415623539,
    "casia-fasd_test_release/15/5.avi": 0.9506191615637185,
    "casia-fasd_test_release/15/8.avi": 1.0,
    "casia-fasd_test_release/15/4.avi": 1.0,
    "casia-fasd_test_release/15/2.avi": 0.9193187960089144,
    "casia-fasd_test_release/15/HR_3.avi": 0.9149082955492077,
    "casia-fasd_test_release/15/7.avi": 1.0,
    "casia-fasd_test_release/15/HR_1.avi": 0.8779074097873844,
    "casia-fasd_test_release/15/3.avi": 1.0,
    "casia-fasd_test_release/16/6.avi": 1.0,
    "casia-fasd_test_release/16/1.avi": 0.7834949339955625,
    "casia-fasd_test_release/16/HR_4.avi": 0.9635122689456962,
    "casia-fasd_test_release/16/HR_2.avi": 0.9028309213331154,
    "casia-fasd_test_release/16/5.avi": 0.9551383367199898,
    "casia-fasd_test_release/16/8.avi": 1.0,
    "casia-fasd_test_release/16/4.avi": 1.0,
    "casia-fasd_test_release/16/2.avi": 1.0,
    "casia-fasd_test_release/16/HR_3.avi": 0.8347525271024555,
    "casia-fasd_test_release/16/7.avi": 1.0,
    "casia-fasd_test_release/16/HR_1.avi": 0.6583354236500236,
    "casia-fasd_test_release/16/3.avi": 0.9970504993460437,
    "casia-fasd_test_release/17/6.avi": 1.0,
    "casia-fasd_test_release/17/1.avi": 0.8538098584270278,
    "casia-fasd_test_release/17/HR_4.avi": 1.0,
    "casia-fasd_test_release/17/HR_2.avi": 0.7781187296454757,
    "casia-fasd_test_release/17/5.avi": 0.835685962507902,
    "casia-fasd_test_release/17/8.avi": 1.0,
    "casia-fasd_test_release/17/4.avi": 1.0,
    "casia-fasd_test_release/17/2.avi": 0.9380779198707229,
    "casia-fasd_test_release/17/HR_3.avi": 0.8488951770529288,
    "casia-fasd_test_release/17/7.avi": 1.0,
    "casia-fasd_test_release/17/HR_1.avi": 0.6248230407383694,
    "casia-fasd_test_release/17/3.avi": 1.0,
    "casia-fasd_test_release/18/6.avi": 1.0,
    "casia-fasd_test_release/18/1.avi": 0.9857513819346669,
    "casia-fasd_test_release/18/HR_4.avi": 1.0,
    "casia-fasd_test_release/18/HR_2.avi": 0.7913120719055953,
    "casia-fasd_test_release/18/5.avi": 1.0,
    "casia-fasd_test_release/18/8.avi": 1.0,
    "casia-fasd_test_release/18/4.avi": 1.0,
    "casia-fasd_test_release/18/2.avi": 1.0,
    "casia-fasd_test_release/18/HR_3.avi": 0.9170616376552676,
    "casia-fasd_test_release/18/7.avi": 1.0,
    "casia-fasd_test_release/18/HR_1.avi": 0.9927863004340346,
    "casia-fasd_test_release/18/3.avi": 1.0,
    "casia-fasd_test_release/19/6.avi": 1.0,
    "casia-fasd_test_release/19/1.avi": 1.0,
    "casia-fasd_test_release/19/HR_4.avi": 0.9565900115434012,
    "casia-fasd_test_release/19/HR_2.avi": 0.7763145672585811,
    "casia-fasd_test_release/19/5.avi": 0.7326683761086238,
    "casia-fasd_test_release/19/8.avi": 1.0,
    "casia-fasd_test_release/19/4.avi": 1.0,
    "casia-fasd_test_release/19/2.avi": 1.0,
    "casia-fasd_test_release/19/HR_3.avi": 1.0,
    "casia-fasd_test_release/19/7.avi": 1.0,
    "casia-fasd_test_release/19/HR_1.avi": 0.8084807166570581,
    "casia-fasd_test_release/19/3.avi": 1.0,
    "casia-fasd_test_release/2/6.avi": 1.0,
    "casia-fasd_test_release/2/1.avi": 0.8722626595245991,
    "casia-fasd_test_release/2/HR_4.avi": 1.0,
    "casia-fasd_test_release/2/HR_2.avi": 0.9451444295496652,
    "casia-fasd_test_release/2/5.avi": 1.0,
    "casia-fasd_test_release/2/8.avi": 1.0,
    "casia-fasd_test_release/2/4.avi": 0.9618738524135017,
    "casia-fasd_test_release/2/2.avi": 0.8979456656484596,
    "casia-fasd_test_release/2/HR_3.avi": 0.8719993127358601,
    "casia-fasd_test_release/2/7.avi": 0.9794232243561631,
    "casia-fasd_test_release/2/HR_1.avi": 0.5373169110887467,
    "casia-fasd_test_release/2/3.avi": 1.0,
    "casia-fasd_test_release/20/6.avi": 1.0,
    "casia-fasd_test_release/20/1.avi": 0.9690096370159509,
    "casia-fasd_test_release/20/HR_4.avi": 0.9960007863353563,
    "casia-fasd_test_release/20/HR_2.avi": 0.7518291996902984,
    "casia-fasd_test_release/20/5.avi": 0.8432859569858507,