{
    "devel": {
        "eer_point": 0.21461992228247934,
        "eer_th": 0.9996862692928139
    }
}