{
    "hkbu_s1/06_01_01.mp4": 0.7614148425951462,
    "hkbu_s1/06_01_02.mp4": 0.7260565462968579,
    "hkbu_s1/06_01_03.mp4": 0.736640904768742,
    "hkbu_s1/06_01_04.mp4": 0.6521748402995237,
    "hkbu_s1/06_01_05.mp4": 0.8626879164937155,
    "hkbu_s1/07_01_01.mp4": 0.8451418614420354,
    "hkbu_s1/07_01_02.mp4": 0.7796594265307032,
    "hkbu_s1/07_01_03.mp4": 0.7975296925863972,
    "hkbu_s1/07_01_04.mp4": 0.8675072299136991,
    "hkbu_s1/07_01_05.mp4": 0.791495569047265,
    "hkbu_s2/06_02_01.mp4": 0.7239538128289323,
    "hkbu_s2/06_02_02.mp4": 0.6685568397723767,
    "hkbu_s2/06_02_03.mp4": 0.8082097337968234,
    "hkbu_s2/06_02_04.mp4": 0.6778509222970698,
    "hkbu_s2/06_02_05.mp4": 0.722362089394108,
    "hkbu_s2/07_02_01.mp4": 0.8604560106956941,
    "hkbu_s2/07_02_02.mp4": 0.8344610078230547,
    "hkbu_s2/07_02_03.mp4": 0.8184712363620674,
    "hkbu_s2/07_02_04.mp4": 0.7945558873188113,
    "hkbu_s2/07_02_05.mp4": 0.8178929228034929,
    "hkbu_s3/06_03_01.mp4": 0.8399372577146748,
    "hkbu_s3/06_03_02.mp4": 0.7936191616897545,
    "hkbu_s3/06_03_03.mp4": 0.7689006280271079,
    "hkbu_s3/06_03_04.mp4": 0.7974312819655259,
    "hkbu_s3/06_03_05.mp4": 0.772051701171828,
    "hkbu_s3/07_03_01.mp4": 0.750096971201597,
    "hkbu_s3/07_03_02.mp4": 0.7591065053042273,
    "hkbu_s3/07_03_03.mp4": 0.7109737149289556,
    "hkbu_s3/07_03_04.mp4": 0.7332958033713505,
    "hkbu_s3/07_03_05.mp4": 0.6999068096255178
}