{
    "threedmad_Data/11_02_02.avi": 0.4835332099352862,
    "threedmad_Data/08_01_03.avi": 0.4503421558002852,
    "threedmad_Data/12_01_02.avi": 0.4050662743075916,
    "threedmad_Data/09_01_05.avi": 0.6403179446459363,
    "threedmad_Data/09_01_04.avi": 0.4949116918158947,
    "threedmad_Data/12_01_05.avi": 0.4386502045893879,
    "threedmad_Data/12_02_02.avi": 0.45833858913321146,
    "threedmad_Data/09_03_04.avi": 0.774192654588704,
    "threedmad_Data/10_01_02.avi": 0.5160112133450805,
    "threedmad_Data/10_02_03.avi": 0.4868127278579597,
    "threedmad_Data/12_03_03.avi": 0.8095107220162703,
    "threedmad_Data/08_01_02.avi": 0.39343410100605203,
    "threedmad_Data/10_02_04.avi": 0.4779236739145523,
    "threedmad_Data/10_02_02.avi": 0.5062241450900007,
    "threedmad_Data/08_02_01.avi": 0.45688733053940006,
    "threedmad_Data/09_03_02.avi": 0.805490671121444,
    "threedmad_Data/09_02_03.avi": 0.5731347628039868,
    "threedmad_Data/12_03_02.avi": 0.7999740433369289,
    "threedmad_Data/12_01_04.avi": 0.42435410239002763,
    "threedmad_Data/08_03_04.avi": 0.7790728586569396,
    "threedmad_Data/10_01_05.avi": 0.4984885303976025,
    "threedmad_Data/10_03_01.avi": 0.6846580739427474,
    "threedmad_Data/11_03_03.avi": 0.6499965909321305,
    "threedmad_Data/11_01_01.avi": 0.44579725847066687,
    "threedmad_Data/10_02_01.avi": 0.49535162632571555,
    "threedmad_Data/12_02_03.avi": 0.40854713583534713,
    "threedmad_Data/12_03_01.avi": 0.8124543079344054,
    "threedmad_Data/11_01_04.avi": 0.44849854589250615,
    "threedmad_Data/11_03_05.avi": 0.6567380641910727,
    "threedmad_Data/08_01_04.avi": 0.4277666393237816,
    "threedmad_Data/10_02_05.avi": 0.5182213705051643,
    "threedmad_Data/09_03_03.avi": 0.7834598632550014,
    "threedmad_Data/11_01_03.avi": 0.44259757160194474,
    "threedmad_Data/09_01_01.avi": 0.4984790925226985,
    "threedmad_Data/10_01_04.avi": 0.49530596510869535,
    "threedmad_Data/11_02_05.avi": 0.5234334095153811,
    "threedmad_Data/11_02_01.avi": 0.48572021509533553,
    "threedmad_Data/09_01_03.avi": 0.6183775672914034,
    "threedmad_Data/08_02_02.avi": 0.4250402024302103,
    "threedmad_Data/09_03_05.avi": 0.7731107103253857,
    "threedmad_Data/10_03_05.avi": 0.7076612384959619,
    "threedmad_Data/08_02_03.avi": 0.44231237432224285,
    "threedmad_Data/09_02_04.avi": 0.5605775122223897,
    "threedmad_Data/11_03_02.avi": 0.6291766366562247,
    "threedmad_Data/11_02_04.avi": 0.4938391839328888,
    "threedmad_Data/08_03_02.avi": 0.7773181701314295,
    "threedmad_Data/12_01_03.avi": 0.4117133477050985,
    "threedmad_Data/12_02_01.avi": 0.41755046431653353,
    "threedmad_Data/09_02_02.avi": 0.5418191038784449,
    "threedmad_Data/08_03_01.avi": 0.6129914980335283,
    "threedmad_Data/11_01_02.avi": 0.4244304421355553,
    "threedmad_Data/12_03_04.avi": 0.77250273082726,
    "threedmad_Data/09_03_01.avi": 0.7290163764377796,
    "threedmad_Data/10_03_04.avi": 0.7188240306611227,
    "threedmad_Data/10_03_03.avi": 0.7568080820598372,
    "threedmad_Data/08_02_04.avi": 0.4708273617094889,
    "threedmad_Data/08_01_05.avi": 0.4144666527530325,
    "threedmad_Data/09_02_05.avi": 0.5140314319761882,
    "threedmad_Data/11_03_01.avi": 0.647110362981521,
    "threedmad_Data/08_01_01.avi": 0.4501274776145054,
    "threedmad_Data/09_01_02.avi": 0.4938623938437516,
    "threedmad_Data/12_03_05.avi": 0.8148281522650453,
    "threedmad_Data/12_02_04.avi": 0.4180640474747304,
    "threedmad_Data/11_03_04.avi": 0.655887403664519,
    "threedmad_Data/10_01_01.avi": 0.4803043188640043,
    "threedmad_Data/10_03_02.avi": 0.6073889643759468,
    "threedmad_Data/12_01_01.avi": 0.40200567845830787,
    "threedmad_Data/08_03_03.avi": 0.7431626802279435,
    "threedmad_Data/08_03_05.avi": 0.7698745988323825,
    "threedmad_Data/10_01_03.avi": 0.48469992701586156,
    "threedmad_Data/09_02_01.avi": 0.5336830307395853,
    "threedmad_Data/08_02_05.avi": 0.4985788208034696,
    "threedmad_Data/11_01_05.avi": 0.4641512436025939
}