{
    "devel": {
        "eer_point": 0.1934045042410062,
        "eer_th": 0.9781153851578078
    }
}